{"epoch": [1, 2, 3, 4, 5, 6, 7, 8, 9, 10, 11, 12, 13, 14, 15, 16, 17, 18, 19, 20, 21, 22, 23, 24, 25, 26, 27, 28, 29, 30, 31, 32, 33, 34, 35, 36, 37, 38, 39, 40, 41, 42, 43, 44, 45, 46, 47, 48, 49, 50, 51, 52, 53, 54, 55, 56, 57, 58, 59, 60, 61, 62, 63, 64, 65, 66, 67, 68, 69, 70, 71, 72, 73, 74, 75, 76, 77, 78, 79, 80, 81, 82, 83, 84, 85, 86, 87, 88, 89, 90, 91, 92, 93, 94, 95, 96, 97, 98, 99, 100, 101, 102, 103, 104, 105, 106, 107, 108, 109, 110, 111, 112, 113, 114, 115, 116, 117, 118, 119, 120, 121, 122, 123, 124, 125, 126, 127, 128, 129, 130, 131, 132, 133, 134, 135, 136, 137, 138, 139, 140, 141, 142, 143, 144, 145, 146, 147, 148, 149, 150, 151, 152, 153, 154, 155, 156, 157, 158, 159, 160, 161, 162, 163, 164, 165, 166, 167, 168, 169, 170, 171, 172, 173, 174, 175, 176, 177, 178, 179, 180, 181, 182, 183, 184, 185, 186, 187, 188, 189, 190, 191, 192, 193, 194, 195, 196, 197, 198, 199, 200], "mean_reward": [-197.01213625829047, -163.41515663465296, -124.06198080945225, -116.5126994143667, -105.03297687826849, -84.95884298516934, -64.42240496971873, -51.66637552942971, -38.26360925254414, -32.625903569599615, -26.968411020434996, -26.051669212052342, -26.11454663006519, -24.20393966132295, -16.347644179472283, -9.54113362896142, -4.151772088179034, 0.46288155729729114, 2.9839400072895232, 2.9527448598202364, 8.314789363053205, 13.593421600438484, 15.17107810669279, 15.76605499343674, 20.823705114046206, 23.19393505379625, 30.743909711341825, 31.703713925698267, 29.669868772328577, 24.815680283982115, 21.13165634514829, 21.6780140489979, 20.62313924677047, 21.773370849944968, 23.730066962881292, 21.642264523952335, 21.968498791479398, 23.735207250912907, 24.56820726366182, 26.093184735565757, 24.66409839959301, 23.22177317202657, 25.38947663283658, 27.38665474558672, 31.65740785583017, 38.628220274066784, 38.16553469363541, 44.89936931835207, 49.540621138154826, 50.43517049615849, 49.247420642964435, 54.52431866928957, 58.48308880994019, 64.01188091987704, 74.49974703117661, 79.65146819752343, 85.20029411107238, 85.32980066004245, 100.33353162074931, 102.51649617181828, 101.9175645231992, 109.7912747841304, 115.35312994688137, 118.7281164583843, 122.3152146118884, 128.30853054254715, 129.88834549101537, 130.98443821395537, 133.70973234530638, 136.04022310140877, 139.18866684988714, 143.56627469487546, 147.45200589705945, 145.9676292184785, 142.45551768633598, 149.09231514656767, 150.26723758483612, 154.80133194932662, 159.40174382865666, 160.74742486000943, 162.12926141362047, 168.29086483662965, 172.90747722491244, 184.98150618515578, 189.38470880903407, 199.44035861065743, 198.53878858347923, 190.87954278768618, 193.02816776789368, 193.52615421605168, 192.95644261569242, 193.01687595628914, 192.6248765443636, 199.7384218424234, 204.12047111023242, 204.5957990796514, 209.94637835770936, 208.1663208206689, 208.57360386769042, 210.1356975160531, 211.2067543432751, 218.50440216052783, 221.17398874170559, 225.832974645265, 230.35661720266694, 230.1373567831875, 231.19868303911383, 231.84741440351064, 230.238970193615, 230.01548531658875, 223.06353117541425, 223.0253711373524, 225.43230314209882, 221.46662205853394, 229.40230146747905, 231.3018645060285, 240.7364767368991, 238.64053261147157, 242.52539310552507, 243.8551993043294, 245.68661013983638, 248.32968825833498, 250.42117858400334, 250.37315665392478, 250.45283986358172, 252.65563360284878, 253.85993411942195, 250.74773697123317, 249.5105079933831, 252.53234054513973, 252.02151144036193, 250.41053044127653, 251.082858237367, 254.42312422449214, 252.9821803621283, 252.3873177740069, 253.65219571671966, 255.66665509259118, 254.8576918915724, 256.8124656945649, 259.80285323257357, 257.6823263580732, 257.9601785129861, 256.34766545065196, 257.071670548169, 254.54255521786385, 253.88760029628494, 252.39490410756846, 250.0025847585215, 251.429984475684, 248.95723934815786, 245.17865616579914, 245.73673089726228, 246.10258956588663, 248.3311226103749, 246.6780144751701, 253.0509859641627, 254.70984845335428, 257.95229681099704, 259.01409607635253, 260.4243120467015, 263.3797188455443, 261.64604383051386, 262.7114584319945, 262.4269573588083, 262.4940949971714, 262.536648569312, 263.4246371470665, 264.32888448541894, 263.98486053358135, 262.7996368517393, 262.83933920975124, 259.60018074266253, 255.36092292891485, 255.25055302745787, 257.1196035498813, 260.55742899788396, 260.95127714191636, 264.5345450706246, 266.5076438570423, 265.53462836347114, 265.8646409014393, 267.18462407453427, 267.0704833608604, 267.1154236880532, 270.3649430301442, 269.20579147495005, 270.24602051138623, 268.84933147555216, 269.19789153237514, 262.50581619871645, 260.83668853835024, 260.7362671625751, 257.80879029308414, 256.21982991190595, 261.6533456926143, 263.0872036507747, 267.09015140866865, 268.85625784949735, 268.303718827586], "framework": "ray", "d_lib": "ray", "workers": 32, "time": "5712.842104673386"}