{"epoch": [1, 2, 3, 4, 5, 6, 7, 8, 9, 10, 11, 12, 13, 14, 15, 16, 17, 18, 19, 20, 21, 22, 23, 24, 25, 26, 27, 28, 29, 30, 31, 32, 33, 34, 35, 36, 37, 38, 39, 40, 41, 42, 43, 44, 45, 46, 47, 48, 49, 50, 51, 52, 53, 54, 55, 56, 57, 58, 59, 60, 61, 62, 63, 64, 65, 66, 67, 68, 69, 70, 71, 72, 73, 74, 75, 76, 77, 78, 79, 80, 81, 82, 83, 84, 85, 86, 87, 88, 89, 90, 91, 92, 93, 94, 95, 96, 97, 98, 99, 100, 101, 102, 103, 104, 105, 106, 107, 108, 109, 110, 111, 112, 113, 114, 115, 116, 117, 118, 119, 120, 121, 122, 123, 124, 125, 126, 127, 128, 129, 130, 131, 132, 133, 134, 135, 136, 137, 138, 139, 140, 141, 142, 143, 144, 145, 146, 147, 148, 149, 150, 151, 152, 153, 154, 155, 156, 157, 158, 159, 160, 161, 162, 163, 164, 165, 166, 167, 168, 169, 170, 171, 172, 173, 174, 175, 176, 177, 178, 179, 180, 181, 182, 183, 184, 185, 186, 187, 188, 189, 190, 191, 192, 193, 194, 195, 196, 197, 198, 199, 200], "mean_reward": [-196.0937118520306, -188.1792863531649, -183.65844148867507, -174.38880453674753, -166.5313864249381, -152.87906076969887, -153.4429935061902, -143.80813941642552, -134.0803669806478, -130.5009747249694, -126.73366044919985, -116.17619584497339, -102.72797625860514, -96.28446377604679, -89.72262067062762, -90.50202192675904, -81.65085722351564, -79.51925349226532, -67.1687886308197, -65.45191500256875, -62.52192248076569, -56.87287035101125, -55.3172328069285, -52.265852168864484, -50.36580162735588, -47.14993114138978, -43.19839070028262, -40.74539464594288, -37.60165373391084, -32.49713703035255, -29.01713076813787, -28.074156654869675, -24.182456305111888, -19.97046297170298, -16.145870319118618, -13.605523211089771, -10.325258508158104, -7.7157906217730945, -7.8310513886635995, -3.87274705901796, -2.1532649571005504, -0.4563714660401263, 2.7289333749546665, 4.350820338156089, 5.585149315270861, 8.535300548887562, 13.491919093134682, 15.43653493638264, 17.155201357914983, 16.226904626950578, 18.951863761660164, 18.1651160346344, 17.333468789350796, 17.03897808454142, 19.02903086722908, 20.312035523434307, 23.650015704989674, 22.637113307285325, 20.580417998807818, 22.758001258104958, 26.93147100210704, 32.26621465321177, 34.52732283135334, 36.19662807747873, 43.19926279201693, 43.161716423120296, 45.77238722996152, 42.10088789929916, 41.352957285121505, 43.39413395557578, 43.88463953284336, 49.664054818500574, 49.20253386438721, 47.90633021969943, 47.268632281852035, 51.304135894957156, 47.437844030824145, 46.62752488421786, 46.613626734217334, 52.207683151789745, 51.51406967650326, 52.81563094981831, 46.80236656854627, 46.585491893499146, 47.32889842637335, 44.46198543963029, 43.36963972373388, 46.000001309092816, 39.11965647296686, 40.95730349711709, 37.426196455173965, 37.01853612700093, 33.6155576581318, 30.126237807034617, 23.462707876578502, 17.122644994882712, 14.20894007909705, 13.091540514894925, 7.873374070227043, 5.986579226570204, 5.722985527186333, 2.572861749472133, 1.3459256919086946, -1.0989597658230053, -2.8125532793838426, -6.014206557477066, -10.435782945001783, -9.69578314715843, -11.53246220598, -13.01715240207262, -14.582563935912505, -17.500329399654916, -24.153566386386842, -24.050963061010147, -23.282782401075178, -25.09304894127821, -25.531193318287468, -27.454040717219247, -28.118462135886542, -31.93353206759025, -25.85747476056654, -24.984170771346545, -20.4558315936836, -22.1464162493578, -24.94547859940547, -20.21576774612208, -23.029390640426765, -19.183219736553216, -23.060348518368837, -22.157492257777623, -14.795680912453157, -11.079390378849942, -6.696122016003135, -6.86388562661894, -1.173236303969225, -0.6254690279092665, 10.211581201850441, 7.340769526981553, 9.201294678763317, 9.566427870304562, 13.82662713884547, 14.917979296199196, 17.536992718423328, 22.05641733374596, 24.527516395465426, 25.326179309334684, 25.105644014921182, 30.214690908087487, 33.97532263575201, 31.14033051193612, 34.377232428180385, 33.43711289086547, 35.22428703788897, 32.79283185751464, 26.86221825106289, 29.04246078705598, 29.14976173530564, 31.186336243738648, 34.450776100050035, 40.4188775488729, 40.913433846963535, 40.46095998499532, 36.27953520285898, 38.58967750437103, 38.60002579038027, 32.39059021344472, 26.749449593646577, 24.10580120295849, 24.468279954100623, 24.98107285321677, 28.737048924572374, 28.722990967740003, 29.161768155410947, 29.127556420074402, 24.77845124044507, 24.088531761119725, 26.61161217882409, 26.72999509715178, 31.48054681369886, 28.57513186043833, 27.754328100870506, 29.52116986288635, 29.443265874774514, 24.766656111933933, 23.85958049780709, 20.812978723316146, 19.605303242361828, 19.331106751317115, 19.274107060467074, 17.422143624656893, 19.994440596586582, 21.801829862112605, 17.85219983656304, 18.97755535917312, 21.328070919702355, 21.226909394961755, 21.12219815177265, 21.46564229075323, 27.05185128423287, 29.168164183931413], "framework": "ray", "d_lib": "ray", "workers": 2, "time": "2544.1969788074493"}