{"epoch": [1, 2, 3, 4, 5, 6, 7, 8, 9, 10, 11, 12, 13, 14, 15, 16, 17, 18, 19, 20, 21, 22, 23, 24, 25, 26, 27, 28, 29, 30, 31, 32, 33, 34, 35, 36, 37, 38, 39, 40, 41, 42, 43, 44, 45, 46, 47, 48, 49, 50, 51, 52, 53, 54, 55, 56, 57, 58, 59, 60, 61, 62, 63, 64, 65, 66, 67, 68, 69, 70, 71, 72, 73, 74, 75, 76, 77, 78, 79, 80, 81, 82, 83, 84, 85, 86, 87, 88, 89, 90, 91, 92, 93, 94, 95, 96, 97, 98, 99, 100, 101, 102, 103, 104, 105, 106, 107, 108, 109, 110, 111, 112, 113, 114, 115, 116, 117, 118, 119, 120, 121, 122, 123, 124, 125, 126, 127, 128, 129, 130, 131, 132, 133, 134, 135, 136, 137, 138, 139, 140, 141, 142, 143, 144, 145, 146, 147, 148, 149, 150, 151, 152, 153, 154, 155, 156, 157, 158, 159, 160, 161, 162, 163, 164, 165, 166, 167, 168, 169, 170, 171, 172, 173, 174, 175, 176, 177, 178, 179, 180, 181, 182, 183, 184, 185, 186, 187, 188, 189, 190, 191, 192, 193, 194, 195, 196, 197, 198, 199, 200], "mean_reward": [-171.41623180873833, -183.92266142233808, -169.60557311346557, -160.76119225601505, -160.3525810708384, -161.36570011116896, -158.87649191669163, -158.12670513710762, -155.5058368755571, -161.95422673970626, -171.9774240971843, -170.47615077201093, -171.9657880733422, -171.2726337303654, -169.72305702520342, -181.33384608627495, -175.8557322474241, -166.97277081583067, -168.48609838726938, -171.70741911841253, -173.94174199246157, -164.20968285409808, -164.60953219743922, -153.5464387700371, -155.70371761687116, -145.29567035481253, -142.98828281093083, -131.85124078280236, -134.64748104369414, -131.19078426362748, -121.9509349653945, -116.70280822587111, -112.16081507777041, -100.99876407270892, -98.40447184880088, -88.96477613869652, -85.87997314541211, -84.52948957593544, -80.43084193323793, -77.63843300353572, -70.44221678263172, -70.60473565514026, -68.9221039520653, -69.35202168363242, -69.67565039547803, -68.6545197593458, -64.93539276178429, -61.23649333003309, -57.283428899040636, -54.0879167371119, -54.0879167371119, -47.71339502249771, -47.71339502249771, -45.78946990584834, -38.854820852443744, -38.85482085244374, -33.76753117165004, -33.76753117165004, -29.846428809396475, -26.6299152509749, -26.6299152509749, -21.507544421721946, -21.507544421721946, -19.7143615327511, -17.116973444468115, -15.736147061488591, -12.251747001410406, -12.251747001410406, -11.433093659022566, -11.071402132069402, -11.0714021320694, -5.630528449290795, -5.630528449290795, -5.5393997188010795, -6.897467546072779, -6.897467546072781, -7.623810417617783, -7.623810417617785, -6.374949808875053, -6.374949808875053, -6.374949808875053, -1.2916118896540651, -1.2916118896540645, 3.2203965456665196, 3.220396545666519, 1.5287704355602285, 2.232099795725412, 2.911356324901458, 3.6561429748677914, 1.4041052982328375, 1.3644976739461623, 4.377864390052637, 3.503138419138714, 6.925474491375707, 6.569137740771075, 5.754819553915579, 6.8387098726532205, 11.288022698939967, 12.716267714281262, 12.578263856459941, 13.619694649449464, 13.619694649449464, 17.142940394406523, 15.501884228169219, 18.488306327791207, 16.698328078453468, 17.611441563976324, 15.595200108936726, 16.204241281317703, 16.154974937640628, 12.917033102279742, 11.113705026693642, 9.337476677990047, 8.455090546514745, 9.964685196583138, 9.521728677380347, 8.941812695629382, 5.530883051448164, 4.508886925056266, 3.8229528168616493, 3.8229528168616493, 6.834562312768793, 7.933241172885733, 9.000497838396317, 8.912975223643718, 6.244823507117787, 5.960379970945729, 7.312255288430334, 5.910644249533337, 5.727195280322653, 4.138385777061619, 4.138385777061618, 0.5978421844977162, -0.9001338046760234, -6.221114430532431, -5.742019194552833, -4.363571863915304, -6.323388653844108, -9.869521448357336, -11.364089039040877, -11.364089039040877, -11.175148814356112, -7.911353249915651, -12.508587293382398, -16.746352593640168, -19.232712976212564, -26.505404908944907, -28.002600210326815, -29.712544459793598, -31.328384490536738, -33.32259743163027, -41.591731882821215, -44.86943816538769, -47.30712724169643, -45.88665481491385, -46.69556035457892, -48.66261486252804, -51.00418158032971, -52.59448087107071, -50.754914375058135, -48.728685044186385, -50.30323897598247, -49.67149799856358, -50.233091156381164, -46.772659643848094, -46.77265964384808, -45.637940936925176, -47.14947128452517, -49.76998238820219, -49.76998238820219, -47.170983301460026, -46.87180448908754, -46.87180448908752, -50.87697453595439, -50.44241861230327, -51.01916864356976, -46.47169708386935, -44.253543430969295, -41.780681617022395, -40.75446396183711, -37.42629495295395, -32.04040625477488, -33.92432101183996, -34.829685220755806, -31.436505376564075, -28.672712567607647, -24.762447347647186, -24.03227804673195, -23.27313030508225, -24.166445037875636, -22.746577921260986, -21.167373790930096, -17.94173872472266, -14.95069780706974, -10.934564453270632, -6.589574428979197, -5.151372727899884, -3.8690414600085097, -2.2263243871332357, -3.1984728568111844], "framework": "ray", "d_lib": "ray", "workers": 4, "time": "1716.6848402023315"}