{"epoch": [1, 2, 3, 4, 5, 6, 7, 8, 9, 10, 11, 12, 13, 14, 15, 16, 17, 18, 19, 20, 21, 22, 23, 24, 25, 26, 27, 28, 29, 30, 31, 32, 33, 34, 35, 36, 37, 38, 39, 40, 41, 42, 43, 44, 45, 46, 47, 48, 49, 50, 51, 52, 53, 54, 55, 56, 57, 58, 59, 60, 61, 62, 63, 64, 65, 66, 67, 68, 69, 70, 71, 72, 73, 74, 75, 76, 77, 78, 79, 80, 81, 82, 83, 84, 85, 86, 87, 88, 89, 90, 91, 92, 93, 94, 95, 96, 97, 98, 99, 100, 101, 102, 103, 104, 105, 106, 107, 108, 109, 110, 111, 112, 113, 114, 115, 116, 117, 118, 119, 120, 121, 122, 123, 124, 125, 126, 127, 128, 129, 130, 131, 132, 133, 134, 135, 136, 137, 138, 139, 140, 141, 142, 143, 144, 145, 146, 147, 148, 149, 150, 151, 152, 153, 154, 155, 156, 157, 158, 159, 160, 161, 162, 163, 164, 165, 166, 167, 168, 169, 170, 171, 172, 173, 174, 175, 176, 177, 178, 179, 180, 181, 182, 183, 184, 185, 186, 187, 188, 189, 190, 191, 192, 193, 194, 195, 196, 197, 198, 199, 200], "mean_reward": [-196.64710441452453, -169.8451424647799, -169.61412345171513, -166.1117794884758, -165.3988689984913, -162.06004031045777, -154.62022781584477, -147.33545591254114, -136.7662335645462, -131.25576807656483, -124.34576009524179, -112.1865985669335, -107.27762670564911, -102.10951400169682, -106.69114978615717, -98.6719530725308, -97.70889887755732, -92.32280620644215, -87.73393376130883, -87.55589337865358, -82.51618349366773, -74.00552981920663, -67.91912600769598, -67.32964328240206, -66.88111740505683, -66.88111740505684, -59.97178452146603, -56.1196440925749, -52.0110656836407, -50.653721044280374, -50.653721044280374, -47.92381028440105, -44.59496874107211, -40.12694632949473, -35.00616470944482, -35.00616470944482, -34.018040873225196, -30.619921139699933, -27.98619852378053, -24.968120486267104, -24.968120486267104, -22.493121754965188, -20.223279505136837, -18.291673761060228, -19.169357521083413, -20.27758003888454, -20.728752317644044, -18.96480889720577, -15.536762783944575, -15.011757872064637, -14.033962895580164, -10.501098168530769, -8.095935351073772, -6.494904769946074, -4.593973753617538, -3.604868122213215, -3.2527055048505225, -2.6750803655972466, -0.71271076620639, -0.8700373140619009, -0.46956577663330173, 2.3797001372344364, 4.854376803829237, 5.382197030579086, 6.640515056616448, 8.979562129586611, 9.719932753441627, 11.186292266044637, 13.698005557415813, 11.956474726537017, 12.761784097327743, 14.303653836103951, 15.44804622675185, 15.519970015487326, 14.78477401066922, 15.017088749676223, 16.284434094693022, 15.302083160001796, 16.26969415517036, 15.529220764714694, 15.728452232046175, 15.895745771204439, 17.235308433131646, 14.486922330626248, 14.486922330626248, 13.820949316965699, 12.620266073132118, 11.76538869098903, 11.520874699971433, 11.520874699971433, 14.149531282410813, 13.835566637319825, 14.597414262752766, 14.600058818719795, 14.600058818719795, 16.180526711446813, 17.451419498372918, 18.117600770262197, 18.150202387792802, 17.558770323769412, 19.235285861614184, 20.637722296669182, 23.66265661387847, 28.625917486241075, 28.62591748624108, 34.982905404459, 37.66330506299262, 41.39144026629469, 43.409939755062396, 45.50582710677011, 49.534882033657716, 54.11183567881837, 52.880664643939966, 53.52887791869054, 56.47300550043366, 56.473005500433665, 52.089730012833016, 52.774089826822646, 53.00642266759115, 53.262587803891094, 56.372352137324924, 57.40182843708042, 58.54521044634651, 63.19219817440067, 67.18415132301722, 67.18415132301722, 72.91154251750595, 79.00597111910183, 79.00597111910183, 79.82429003641465, 80.93082424424746, 86.61699879045693, 86.33988872901935, 89.57347444531536, 90.82537345572104, 91.69509954289462, 95.68430840353156, 95.62507005797033, 96.13824752347611, 91.67000043238082, 93.29894627019327, 92.33307011766269, 91.37395104293418, 92.58736459142436, 91.1660353575636, 90.95899426907728, 90.95899426907725, 90.98911808982713, 88.2047015003069, 86.19884284289483, 84.05247478610394, 84.68651794504753, 82.30701050556068, 85.40018805149944, 82.49481251025152, 81.93476777302054, 80.55967695246915, 78.31711870531775, 76.93065169369748, 75.82754459000063, 76.76895961315647, 73.33575864527639, 74.77278291738996, 79.5065229088568, 81.6884799058668, 81.56617269982935, 79.93550869603914, 79.11616145650788, 79.080053667054, 79.09100123394889, 80.98065531780934, 80.96891005095726, 81.8599238594743, 80.75633475188643, 83.71529086845929, 83.46935610276783, 83.16287040586467, 82.02123223806274, 82.08438804198218, 82.08438804198218, 80.52484784530908, 76.30236214402096, 74.58776474236852, 74.58776474236855, 70.3489432207417, 70.3489432207417, 64.72679417689997, 65.1593120721629, 64.13846272283764, 65.58271582541724, 65.58271582541724, 64.94296101930875, 62.53817443589911, 63.606095367824125, 61.592598626939626, 63.15865136635739, 59.47452022541967, 59.47452022541967, 59.31624478547096, 60.254389856276724], "framework": "ray", "d_lib": "ray", "workers": 8, "time": "1530.9229311943054"}