{"epoch": [1, 2, 3, 4, 5, 6, 7, 8, 9, 10, 11, 12, 13, 14, 15, 16, 17, 18, 19, 20, 21, 22, 23, 24, 25, 26, 27, 28, 29, 30, 31, 32, 33, 34, 35, 36, 37, 38, 39, 40, 41, 42, 43, 44, 45, 46, 47, 48, 49, 50, 51, 52, 53, 54, 55, 56, 57, 58, 59, 60, 61, 62, 63, 64, 65, 66, 67, 68, 69, 70, 71, 72, 73, 74, 75, 76, 77, 78, 79, 80, 81, 82, 83, 84, 85, 86, 87, 88, 89, 90, 91, 92, 93, 94, 95, 96, 97, 98, 99, 100, 101, 102, 103, 104, 105, 106, 107, 108, 109, 110, 111, 112, 113, 114, 115, 116, 117, 118, 119, 120, 121, 122, 123, 124, 125, 126, 127, 128, 129, 130, 131, 132, 133, 134, 135, 136, 137, 138, 139, 140, 141, 142, 143, 144, 145, 146, 147, 148, 149, 150, 151, 152, 153, 154, 155, 156, 157, 158, 159, 160, 161, 162, 163, 164, 165, 166, 167, 168, 169, 170, 171, 172, 173, 174, 175, 176, 177, 178, 179, 180, 181, 182, 183, 184, 185, 186, 187, 188, 189, 190, 191, 192, 193, 194, 195, 196, 197, 198, 199, 200], "mean_reward": [-164.47543295779343, -153.47035739318693, -149.3281661554348, -140.8194144636073, -132.12646407739388, -135.17611183334532, -129.91388117490956, -121.63968552881916, -118.31502512618324, -94.5654838139115, -88.79716554149984, -72.13997056953598, -63.242964205855195, -56.810385738492535, -55.778156418559604, -50.16062743797702, -49.498399029296124, -44.41521660582889, -44.416436149873824, -42.11329334991215, -37.01377949663008, -31.942548554196797, -31.27549986006579, -29.00738854488473, -28.4500936834328, -26.889865109745465, -23.040993512428255, -23.617304981631083, -18.637824678473965, -17.57815830905046, -15.175086333260873, -10.87183135309304, -9.422496197989528, -7.828195503810617, -7.861102437163141, -6.2995634172784865, -6.787949112639244, -8.146615625243292, -10.49019152330402, -9.877301175708878, -5.926063016070582, -7.913238132266851, -9.425041084605185, -10.467510300281424, -10.673475009305028, -11.685874322876243, -13.118664361845628, -17.17713035379736, -18.76539244169697, -17.686246474357763, -19.778949898614723, -22.39074634837043, -21.750067015843403, -22.99606791548995, -26.76438674388469, -26.773527539308702, -29.542211625970353, -32.227602544149256, -27.029125457761747, -26.738932690622445, -26.73893269062244, -26.287894703831483, -24.332926629412064, -22.422331650899615, -19.733186675713906, -8.363560342401788, -7.538317094062929, 1.478848443185796, 2.2913984508140803, 2.2915662860366575, 6.166573323365144, 6.728645172638519, 8.475220006762552, 10.740381483538407, 15.33939619447438, 16.314312403788293, 20.20388680868963, 25.654388953935587, 34.732784912218, 39.8063598953755, 49.597556246177184, 54.3995642853863, 56.404126770321426, 59.20099753119277, 59.117732460210945, 60.504997485861104, 63.88573171339201, 70.67723250441361, 67.53330416869788, 66.99623185243179, 80.96356075346783, 93.24963745644436, 102.28944107521899, 109.84248492244764, 116.54362568656792, 117.8597948616123, 117.74731492297931, 115.5436124983171, 114.4754086563109, 114.57625276540759, 108.6007454680112, 107.0685387784158, 99.23231532271504, 98.22081258894045, 101.20862950509631, 104.88186336137296, 106.14694163844321, 100.68742862481689, 98.3835130739012, 93.96433393145915, 94.78958139949822, 95.10851107035958, 94.3610562797683, 95.10033576102317, 88.55239186952328, 89.13125446123038, 99.02523569071587, 97.87257441317169, 107.33114147379412, 109.50582048346719, 102.66719366588734, 97.56775124093151, 88.3253976653934, 82.91883354669675, 81.55135030848258, 84.48512889861381, 85.70050575842419, 83.8647438773367, 83.71612037174786, 85.50725824800956, 90.07859028042499, 89.14104945078044, 99.59551366871065, 101.58022294702914, 101.01155395400988, 103.64296189646274, 107.45493618176182, 102.66179478359403, 99.52283645796983, 98.87010989934016, 98.62016255889857, 98.34452465990516, 97.53859100454397, 92.05667621691353, 92.08164324574395, 86.6692806560217, 85.97059044845278, 83.20647165471055, 79.08596005567482, 75.07285437954334, 76.43887803892807, 75.81083784733826, 63.346280490288045, 59.07634168735692, 52.98158210007948, 51.19584750031842, 56.70831509691201, 53.82474283449591, 43.169535969344906, 44.30597549767107, 43.17955761505015, 38.49178420929507, 31.40162830722138, 31.931729592531102, 22.594315883946038, 20.6794247708845, 16.53449699464075, 23.299199477494966, 16.23788628282931, 27.66562745319176, 27.072502954573327, 22.490847039929832, 31.16875048414012, 27.470050540439082, 29.639088626865096, 38.44368387035132, 48.37655364718749, 44.72677667149609, 54.94849223022535, 62.3903624247426, 61.209017611892385, 66.55296898977974, 78.63386334997145, 80.90101501754299, 95.70241742122727, 101.23483440759628, 103.1669936465552, 108.38245428371671, 104.22636369420293, 115.505661434155, 113.19842695093135, 116.74543649920105, 114.70067188887046, 120.29072977609022, 113.74825953954827, 120.4990527865275, 130.5168262787981, 127.87768243467065, 124.28549265509108, 123.9186645993177], "framework": "ray", "d_lib": "ray", "workers": 16, "time": "2834.259335041046"}