{"epoch": [1, 2, 3, 4, 5, 6, 7, 8, 9, 10, 11, 12, 13, 14, 15, 16, 17, 18, 19, 20, 21, 22, 23, 24, 25, 26, 27, 28, 29, 30, 31, 32, 33, 34, 35, 36, 37, 38, 39, 40, 41, 42, 43, 44, 45, 46, 47, 48, 49, 50, 51, 52, 53, 54, 55, 56, 57, 58, 59, 60, 61, 62, 63, 64, 65, 66, 67, 68, 69, 70, 71, 72, 73, 74, 75, 76, 77, 78, 79, 80, 81, 82, 83, 84, 85, 86, 87, 88, 89, 90, 91, 92, 93, 94, 95, 96, 97, 98, 99, 100, 101, 102, 103, 104, 105, 106, 107, 108, 109, 110, 111, 112, 113, 114, 115, 116, 117, 118, 119, 120, 121, 122, 123, 124, 125, 126, 127, 128, 129, 130, 131, 132, 133, 134, 135, 136, 137, 138, 139, 140, 141, 142, 143, 144, 145, 146, 147, 148, 149, 150, 151, 152, 153, 154, 155, 156, 157, 158, 159, 160, 161, 162, 163, 164, 165, 166, 167, 168, 169, 170, 171, 172, 173, 174, 175, 176, 177, 178, 179, 180, 181, 182, 183, 184, 185, 186, 187, 188, 189, 190, 191, 192, 193, 194, 195, 196, 197, 198, 199, 200], "mean_reward": [-136.84811401367188, -147.3649444580078, -137.80494689941406, -254.57705688476562, -180.35264587402344, -219.17056274414062, -225.2688751220703, -171.94204711914062, -100.70671081542969, -127.715576171875, -161.82546997070312, -154.9148406982422, -214.81500244140625, -181.1024932861328, -234.30160522460938, -171.13876342773438, -83.28495788574219, -152.42742919921875, -79.9851303100586, -120.87619018554688, -98.28204345703125, -60.25022888183594, -67.76667785644531, -111.723876953125, -31.35333251953125, 0.23598194122314453, -122.70282745361328, -145.27886962890625, -73.07728576660156, -101.8753662109375, -99.2080078125, -58.27906036376953, -80.29486083984375, -77.44064331054688, -87.62567138671875, -52.97930908203125, -81.85389709472656, -108.96756744384766, -92.29808807373047, -104.65010070800781, -63.10601806640625, -75.84721374511719, -81.78407287597656, -68.52595520019531, -75.89566040039062, -61.266380310058594, -48.334007263183594, -23.074024200439453, -56.57050323486328, -22.618350982666016, -46.175785064697266, -58.03956604003906, -76.77769470214844, -30.16243553161621, -40.731781005859375, -55.96006393432617, -21.440654754638672, -21.51586151123047, -37.34467315673828, -74.46107482910156, -40.08344268798828, -42.141029357910156, -17.929244995117188, -89.1173324584961, -32.80907440185547, -35.046817779541016, -34.35248565673828, -69.42254638671875, -28.312332153320312, -12.684305191040039, 17.66251564025879, -28.100942611694336, -47.03655242919922, -46.61206817626953, -30.055400848388672, -22.3696346282959, -23.756702423095703, -19.93424415588379, -41.80796432495117, -3.9281020164489746, -29.930988311767578, -0.5905189514160156, -53.219940185546875, -15.623838424682617, -29.215633392333984, -41.43818664550781, -29.401840209960938, -34.72295379638672, -35.31405258178711, -41.01649475097656, -61.551605224609375, -29.358015060424805, -48.23796081542969, -47.608154296875, -18.578454971313477, -34.79328155517578, -31.355751037597656, -45.773414611816406, -38.22328567504883, -10.813129425048828, -12.792449951171875, -62.155120849609375, -16.992795944213867, -27.012252807617188, -47.353782653808594, -51.03630065917969, -67.162109375, -58.43146896362305, -67.73490905761719, -44.34556579589844, -33.743858337402344, 8.292044639587402, -68.5014419555664, -74.24136352539062, -50.6286506652832, -47.03517150878906, -79.2290267944336, -41.605323791503906, -55.204490661621094, -32.287208557128906, -57.12933349609375, -64.57347106933594, -61.468475341796875, -38.62828826904297, -55.639862060546875, -60.08753204345703, -60.777915954589844, -30.93932342529297, -50.526187896728516, -49.691925048828125, -55.172183990478516, -51.46804428100586, -63.433067321777344, -55.9992790222168, -69.71273803710938, -57.54798889160156, -58.63831329345703, -40.06056213378906, -39.5506591796875, -15.325996398925781, -49.93267822265625, -54.0694465637207, -47.16904067993164, -57.7648811340332, -5.420742034912109, -30.6274471282959, -30.177934646606445, -74.88390350341797, -46.673648834228516, -49.90572738647461, -61.17613220214844, -53.39592361450195, 8.595041275024414, -84.03408813476562, 1.9971427917480469, -59.415061950683594, -75.49050903320312, -86.78060150146484, 32.03379440307617, -25.129566192626953, -61.147666931152344, -71.08171844482422, -18.512218475341797, -32.75629425048828, -67.03434753417969, -68.97286224365234, -64.93789672851562, -24.928205490112305, -74.66699981689453, -60.59868621826172, -31.11522674560547, -47.282752990722656, -72.97413635253906, -84.64176177978516, -83.4844970703125, -63.59097671508789, -46.471343994140625, -48.80049133300781, -52.56188201904297, -67.90542602539062, -38.973487854003906, -28.18524932861328, 6.711376667022705, -52.91412353515625, -60.08380889892578, -41.84876251220703, -75.8032455444336, -54.26831817626953, -78.2833251953125, -28.778968811035156, -51.41170120239258, -80.85064697265625, -14.855232238769531, -47.05115509033203, -69.19244384765625, -85.10592651367188, -41.886661529541016, -33.01791000366211, -69.459228515625, -44.121368408203125], "framework": "tf", "d_lib": "mpi", "workers": 2, "time": "1610.9545011520386"}