{"epoch": [1, 2, 3, 4, 5, 6, 7, 8, 9, 10, 11, 12, 13, 14, 15, 16, 17, 18, 19, 20, 21, 22, 23, 24, 25, 26, 27, 28, 29, 30, 31, 32, 33, 34, 35, 36, 37, 38, 39, 40, 41, 42, 43, 44, 45, 46, 47, 48, 49, 50, 51, 52, 53, 54, 55, 56, 57, 58, 59, 60, 61, 62, 63, 64, 65, 66, 67, 68, 69, 70, 71, 72, 73, 74, 75, 76, 77, 78, 79, 80, 81, 82, 83, 84, 85, 86, 87, 88, 89, 90, 91, 92, 93, 94, 95, 96, 97, 98, 99, 100, 101, 102, 103, 104, 105, 106, 107, 108, 109, 110, 111, 112, 113, 114, 115, 116, 117, 118, 119, 120, 121, 122, 123, 124, 125, 126, 127, 128, 129, 130, 131, 132, 133, 134, 135, 136, 137, 138, 139, 140, 141, 142, 143, 144, 145, 146, 147, 148, 149, 150, 151, 152, 153, 154, 155, 156, 157, 158, 159, 160, 161, 162, 163, 164, 165, 166, 167, 168, 169, 170, 171, 172, 173, 174, 175, 176, 177, 178, 179, 180, 181, 182, 183, 184, 185, 186, 187, 188, 189, 190, 191, 192, 193, 194, 195, 196, 197, 198, 199, 200], "mean_reward": [-132.35313415527344, -133.95932006835938, -148.15611267089844, -119.6412124633789, -240.2360382080078, -163.53883361816406, -145.94158935546875, -148.3097381591797, -156.3961181640625, -126.10316467285156, -86.21383666992188, -141.20301818847656, -159.3089599609375, -138.21322631835938, -117.23434448242188, -147.209228515625, -128.73968505859375, -73.63233947753906, -43.18251037597656, -24.568248748779297, -73.69281768798828, -5.4797563552856445, -88.30951690673828, 4.569720268249512, -60.624267578125, -44.07691955566406, -36.103179931640625, -79.14697265625, -9.34762191772461, 12.585713386535645, -72.04609680175781, -48.93340301513672, 9.725910186767578, 5.822379112243652, -17.114107131958008, 25.604944229125977, 8.966524124145508, -26.974905014038086, -22.683996200561523, 72.40284729003906, 25.05516815185547, 8.904571533203125, 22.37706184387207, 39.87638854980469, -8.265456199645996, -13.935272216796875, 17.095426559448242, -9.038942337036133, 18.111251831054688, 0.39471864700317383, 18.323810577392578, 10.307731628417969, 29.100582122802734, 1.0477294921875, 19.376901626586914, 21.427858352661133, -2.092557907104492, 83.9541015625, 28.08743667602539, 11.318427085876465, 41.731101989746094, 29.197246551513672, 8.061492919921875, 12.93645191192627, 23.09491539001465, -11.243932723999023, 5.506504058837891, 12.17525863647461, 12.707744598388672, -3.981269359588623, -15.696088790893555, 25.036861419677734, 1.2817676067352295, -31.047327041625977, 2.9014956951141357, 3.4822795391082764, 3.683812141418457, -4.791903972625732, -16.973939895629883, -15.96127986907959, 7.547755718231201, 7.7773284912109375, 37.36024856567383, 19.62793731689453, 17.324779510498047, -16.514657974243164, 11.843759536743164, -3.5212182998657227, 36.399253845214844, 1.856755256652832, 33.65165328979492, 0.4686678647994995, 33.22573471069336, 5.248647689819336, -22.424144744873047, 23.217777252197266, -12.885501861572266, 5.501269340515137, -13.309823036193848, -4.113279342651367, -1.9414453506469727, -24.64480972290039, 15.900287628173828, -17.075550079345703, -20.637754440307617, 0.5356812477111816, 19.70555877685547, -10.914237976074219, -23.838573455810547, 35.1611213684082, -3.47939395904541, 9.848628997802734, 23.7265625, -4.751077175140381, -26.648969650268555, 14.669371604919434, -11.599185943603516, -18.19937515258789, 22.920272827148438, -3.5760459899902344, -8.60994815826416, 14.792634963989258, 24.513565063476562, -12.355226516723633, -3.9223461151123047, 12.340628623962402, -4.934401988983154, 2.0310535430908203, -4.659225940704346, 30.97869873046875, -10.457528114318848, -10.099752426147461, 6.586320877075195, 23.323604583740234, 3.837155342102051, 20.520620346069336, -5.936774253845215, -7.741257667541504, -21.817638397216797, -15.54446792602539, -2.7751359939575195, -5.8205366134643555, 18.019390106201172, 0.5361952781677246, 6.919679641723633, -6.334964752197266, -24.76755714416504, -0.5997400879859924, 2.1199874877929688, 5.924291610717773, 3.8345956802368164, -3.858755111694336, -9.117588996887207, 28.4549560546875, 11.146276473999023, 4.006774425506592, 43.20604705810547, 0.7451000213623047, 26.491180419921875, 41.11248016357422, -5.457690715789795, 23.827749252319336, 72.79418182373047, -6.484635353088379, 14.132387161254883, 0.9239809513092041, -5.5321269035339355, -8.016341209411621, 5.135678291320801, 4.2943620681762695, 14.60260009765625, 28.395341873168945, 6.23708438873291, 1.7490179538726807, -10.804681777954102, 33.16142654418945, 39.504608154296875, -22.624984741210938, -2.8703107833862305, 19.74070167541504, 19.18903350830078, 24.422561645507812, -3.7059073448181152, 16.795190811157227, 13.713134765625, 2.8366284370422363, -3.3342719078063965, -24.905302047729492, 2.982851028442383, 12.72199821472168, -5.469484806060791, 0.6178863048553467, -9.602764129638672, 33.846805572509766, -18.92664909362793, -5.418736457824707, 5.450943946838379, 6.858308792114258, 35.12599563598633, 6.72688102722168], "framework": "tf", "d_lib": "mpi", "workers": 4, "time": "1191.8290994167328"}