{"epoch": [1, 2, 3, 4, 5, 6, 7, 8, 9, 10, 11, 12, 13, 14, 15, 16, 17, 18, 19, 20, 21, 22, 23, 24, 25, 26, 27, 28, 29, 30, 31, 32, 33, 34, 35, 36, 37, 38, 39, 40, 41, 42, 43, 44, 45, 46, 47, 48, 49, 50, 51, 52, 53, 54, 55, 56, 57, 58, 59, 60, 61, 62, 63, 64, 65, 66, 67, 68, 69, 70, 71, 72, 73, 74, 75, 76, 77, 78, 79, 80, 81, 82, 83, 84, 85, 86, 87, 88, 89, 90, 91, 92, 93, 94, 95, 96, 97, 98, 99, 100, 101, 102, 103, 104, 105, 106, 107, 108, 109, 110, 111, 112, 113, 114, 115, 116, 117, 118, 119, 120, 121, 122, 123, 124, 125, 126, 127, 128, 129, 130, 131, 132, 133, 134, 135, 136, 137, 138, 139, 140, 141, 142, 143, 144, 145, 146, 147, 148, 149, 150, 151, 152, 153, 154, 155, 156, 157, 158, 159, 160, 161, 162, 163, 164, 165, 166, 167, 168, 169, 170, 171, 172, 173, 174, 175, 176, 177, 178, 179, 180, 181, 182, 183, 184, 185, 186, 187, 188, 189, 190, 191, 192, 193, 194, 195, 196, 197, 198, 199, 200], "mean_reward": [-133.8568572998047, -219.8306884765625, -242.1837158203125, -252.7799072265625, -377.9508056640625, -380.10137939453125, -368.2615661621094, -360.30694580078125, -362.6697692871094, -417.42242431640625, -406.9493408203125, -411.7536926269531, -364.73858642578125, -281.6671447753906, -293.101318359375, -251.85488891601562, -308.73626708984375, -243.949462890625, -351.04827880859375, -239.05381774902344, -296.0364990234375, -429.86431884765625, -469.19232177734375, -237.28323364257812, -510.74822998046875, -366.50592041015625, -437.9983825683594, -449.66998291015625, -382.0723876953125, -362.951904296875, -341.7353210449219, -356.66693115234375, -196.04116821289062, -334.848876953125, -296.04315185546875, -350.5445556640625, -360.5004577636719, -248.47982788085938, -199.65618896484375, -177.57638549804688, -234.45330810546875, -207.47561645507812, -189.69754028320312, -176.26864624023438, -172.23956298828125, -111.0902099609375, -167.98828125, -123.44805908203125, -165.68539428710938, -122.83491516113281, -128.813720703125, -111.25477600097656, -136.40219116210938, -131.40548706054688, -137.53729248046875, -128.71934509277344, -124.72793579101562, -129.76324462890625, -118.4715576171875, -125.19328308105469, -130.70162963867188, -121.62733459472656, -117.1803970336914, -127.212890625, -132.48660278320312, -124.72246551513672, -141.7705535888672, -126.0078125, -125.29873657226562, -112.1314697265625, -123.6044921875, -134.50840759277344, -144.6822509765625, -135.6383819580078, -139.47891235351562, -132.0887908935547, -127.48866271972656, -145.05242919921875, -139.79141235351562, -134.89089965820312, -144.8069305419922, -126.69108581542969, -134.88087463378906, -146.28469848632812, -123.32630920410156, -118.08732604980469, -153.32870483398438, -127.46768188476562, -133.663818359375, -155.683349609375, -137.300048828125, -135.5842742919922, -132.6176300048828, -130.72930908203125, -136.01202392578125, -129.89761352539062, -126.2840576171875, -122.55050659179688, -133.75238037109375, -121.67643737792969, -140.88278198242188, -153.34371948242188, -132.11170959472656, -120.98677062988281, -130.92974853515625, -118.86066436767578, -159.68289184570312, -137.26657104492188, -136.85580444335938, -125.66256713867188, -158.18434143066406, -146.81626892089844, -128.12899780273438, -142.82730102539062, -123.07044982910156, -139.68646240234375, -126.594970703125, -147.67950439453125, -146.26535034179688, -123.71231079101562, -142.086669921875, -126.4174575805664, -130.14244079589844, -156.49075317382812, -153.45318603515625, -148.61541748046875, -138.32363891601562, -164.3473663330078, -145.37059020996094, -138.3687744140625, -129.54147338867188, -141.9841766357422, -145.30712890625, -142.22372436523438, -140.8230743408203, -163.06448364257812, -129.11224365234375, -128.5216064453125, -147.65533447265625, -130.84808349609375, -144.07598876953125, -133.64341735839844, -135.908447265625, -144.22018432617188, -163.46615600585938, -141.35336303710938, -164.69842529296875, -157.15121459960938, -136.32235717773438, -124.79366302490234, -136.2232208251953, -148.9926300048828, -159.866455078125, -149.64447021484375, -124.41429138183594, -133.20481872558594, -162.00299072265625, -157.10523986816406, -136.26473999023438, -164.10264587402344, -148.4886016845703, -171.87261962890625, -143.01658630371094, -164.21697998046875, -151.61489868164062, -155.53146362304688, -144.09042358398438, -136.36712646484375, -149.3389892578125, -118.47914123535156, -126.34139251708984, -116.68321228027344, -155.17050170898438, -136.61196899414062, -137.89418029785156, -130.4530487060547, -141.6622772216797, -161.63302612304688, -136.03472900390625, -106.37786865234375, -146.79312133789062, -143.15972900390625, -167.73439025878906, -140.90927124023438, -144.3259735107422, -179.11911010742188, -119.60820007324219, -142.21051025390625, -132.8392333984375, -156.87054443359375, -149.87271118164062, -177.06304931640625, -144.47508239746094, -142.2986602783203, -137.4401092529297, -161.95762634277344, -132.68812561035156, -144.92178344726562, -170.6752471923828, -113.05880737304688], "framework": "tf", "d_lib": "mpi", "workers": 2, "time": "1470.2468485832214"}