{"epoch": [1, 2, 3, 4, 5, 6, 7, 8, 9, 10, 11, 12, 13, 14, 15, 16, 17, 18, 19, 20, 21, 22, 23, 24, 25, 26, 27, 28, 29, 30, 31, 32, 33, 34, 35, 36, 37, 38, 39, 40, 41, 42, 43, 44, 45, 46, 47, 48, 49, 50, 51, 52, 53, 54, 55, 56, 57, 58, 59, 60, 61, 62, 63, 64, 65, 66, 67, 68, 69, 70, 71, 72, 73, 74, 75, 76, 77, 78, 79, 80, 81, 82, 83, 84, 85, 86, 87, 88, 89, 90, 91, 92, 93, 94, 95, 96, 97, 98, 99, 100, 101, 102, 103, 104, 105, 106, 107, 108, 109, 110, 111, 112, 113, 114, 115, 116, 117, 118, 119, 120, 121, 122, 123, 124, 125, 126, 127, 128, 129, 130, 131, 132, 133, 134, 135, 136, 137, 138, 139, 140, 141, 142, 143, 144, 145, 146, 147, 148, 149, 150, 151, 152, 153, 154, 155, 156, 157, 158, 159, 160, 161, 162, 163, 164, 165, 166, 167, 168, 169, 170, 171, 172, 173, 174, 175, 176, 177, 178, 179, 180, 181, 182, 183, 184, 185, 186, 187, 188, 189, 190, 191, 192, 193, 194, 195, 196, 197, 198, 199, 200], "mean_reward": [-159.40512084960938, -127.95562744140625, -124.4417724609375, -144.24301147460938, -103.8509750366211, -83.76578521728516, -94.4720230102539, -51.54732894897461, -83.30335998535156, -204.4665985107422, -326.5074157714844, -213.3482666015625, -163.54788208007812, -494.6955871582031, -359.42108154296875, -427.78179931640625, -267.51214599609375, -574.764404296875, -929.0660400390625, -623.6015625, -607.772216796875, -625.398681640625, -812.3673095703125, -954.2276000976562, -358.57440185546875, -432.95843505859375, -472.534423828125, -439.45550537109375, -6.797014236450195, -55.923160552978516, -388.5237121582031, -3.625385284423828, -81.8239974975586, 16.027790069580078, -349.04345703125, -163.4977264404297, -225.59217834472656, -292.74237060546875, -13.826058387756348, -5.211475372314453, -129.722900390625, -44.45000457763672, -67.76673889160156, -275.7553405761719, -60.79948425292969, -45.83366012573242, -38.12827682495117, -34.55244445800781, -30.173301696777344, 12.830389976501465, -26.01717758178711, -30.207210540771484, -64.93026733398438, -77.2020034790039, -94.81497955322266, -44.796226501464844, -41.21784973144531, -119.13187408447266, 0.04585838317871094, -21.248950958251953, -77.34434509277344, -86.28946685791016, -65.22518157958984, -74.22763061523438, -85.65998077392578, -119.14930725097656, -38.27904510498047, -62.73784255981445, -80.27436828613281, -94.81536865234375, -50.99880599975586, -35.42180633544922, -43.5750732421875, -118.01162719726562, 6.9724040031433105, -51.36955261230469, -80.00375366210938, -86.5534896850586, -91.6151123046875, -78.71815490722656, -67.00674438476562, -66.00273895263672, 3.5121936798095703, -6.656789779663086, -10.98361587524414, -66.9560317993164, -48.84651184082031, -62.522220611572266, -60.29583740234375, -79.89453887939453, -48.6660041809082, -61.91039276123047, -122.57526397705078, -51.586021423339844, -52.368167877197266, -61.843475341796875, -65.79939270019531, -66.75497436523438, -79.83189392089844, -104.33426666259766, -65.97761535644531, -33.82230758666992, -87.78117370605469, -96.5428466796875, -105.12300109863281, -86.39100646972656, -37.09147644042969, -67.19047546386719, -49.9240608215332, -81.95830535888672, -60.95570755004883, -82.85426330566406, -73.57394409179688, -56.31789016723633, -97.72877502441406, -45.834312438964844, -57.06531524658203, -52.15435028076172, -61.15568542480469, -62.82606506347656, -53.09532928466797, -67.59879302978516, -81.66775512695312, -58.278907775878906, -66.71983337402344, -61.194007873535156, -36.08368682861328, -66.28520202636719, -69.12774658203125, -61.528289794921875, -67.56131744384766, -19.479570388793945, -46.9444580078125, -33.635589599609375, -54.97060012817383, -36.30361557006836, -39.54826736450195, -36.17180252075195, -72.39151000976562, -58.068817138671875, -71.78034973144531, -51.65702819824219, -48.19482421875, -56.715179443359375, -67.58268737792969, -67.68536376953125, -41.416690826416016, -56.27916717529297, -48.786720275878906, -72.83352661132812, -36.92701721191406, -84.17118072509766, -79.88740539550781, -16.04208755493164, -78.92478942871094, -66.56399536132812, -59.60585403442383, -76.61467742919922, -72.76361083984375, -64.29226684570312, -31.080753326416016, -69.7334976196289, -76.46104431152344, -69.42402648925781, -31.181358337402344, -32.167694091796875, -85.62741088867188, -50.18764877319336, -73.37279510498047, -48.483699798583984, -48.26527404785156, -70.44804382324219, -51.69949722290039, -78.04586791992188, -65.87772369384766, -68.62171936035156, -75.03584289550781, -78.69549560546875, -77.74197387695312, -79.87629699707031, -84.19876098632812, -49.6539421081543, -71.87208557128906, -48.22886657714844, -61.73268508911133, -79.40280151367188, -40.64544677734375, -53.41999816894531, -24.785541534423828, -63.73134231567383, -66.14661407470703, -71.69926452636719, -72.37963104248047, -69.29364013671875, -71.48986053466797, -65.54441833496094, -66.44807434082031, -63.36638641357422, -75.62870788574219, -76.87074279785156], "framework": "tf", "d_lib": "mpi", "workers": 4, "time": "1160.1890337467194"}