{
  "epoch": [
    1,
    2,
    3,
    4,
    5,
    6,
    7,
    8,
    9,
    10,
    11,
    12,
    13,
    14,
    15,
    16,
    17,
    18,
    19,
    20,
    21,
    22,
    23,
    24,
    25,
    26,
    27,
    28,
    29,
    30,
    31,
    32,
    33,
    34,
    35,
    36,
    37,
    38,
    39,
    40,
    41,
    42,
    43,
    44,
    45,
    46,
    47,
    48,
    49,
    50,
    51,
    52,
    53,
    54,
    55,
    56,
    57,
    58,
    59,
    60,
    61,
    62,
    63,
    64,
    65,
    66,
    67,
    68,
    69,
    70,
    71,
    72,
    73,
    74,
    75,
    76,
    77,
    78,
    79,
    80,
    81,
    82,
    83,
    84,
    85,
    86,
    87,
    88,
    89,
    90,
    91,
    92,
    93,
    94,
    95,
    96,
    97,
    98,
    99,
    100,
    101,
    102,
    103,
    104,
    105,
    106,
    107,
    108,
    109,
    110,
    111,
    112,
    113,
    114,
    115,
    116,
    117,
    118,
    119,
    120,
    121,
    122,
    123,
    124,
    125,
    126,
    127,
    128,
    129,
    130,
    131,
    132,
    133,
    134,
    135,
    136,
    137,
    138,
    139,
    140,
    141,
    142,
    143,
    144,
    145,
    146,
    147,
    148,
    149,
    150,
    151,
    152,
    153,
    154,
    155,
    156,
    157,
    158,
    159,
    160,
    161,
    162,
    163,
    164,
    165,
    166,
    167,
    168,
    169,
    170,
    171,
    172,
    173,
    174,
    175,
    176,
    177,
    178,
    179,
    180,
    181,
    182,
    183,
    184,
    185,
    186,
    187,
    188,
    189,
    190,
    191,
    192,
    193,
    194,
    195,
    196,
    197,
    198,
    199,
    200
  ],
  "mean_reward": [
    -145.9943389892578,
    -164.48995971679688,
    -177.15211486816406,
    -128.36032104492188,
    -157.54757690429688,
    -146.49180603027344,
    -141.30258178710938,
    -124.8235092163086,
    -119.98106384277344,
    -165.48199462890625,
    -162.50747680664062,
    -199.48851013183594,
    -187.4544677734375,
    -199.50924682617188,
    -182.80239868164062,
    -178.46217346191406,
    -169.10464477539062,
    -162.6441650390625,
    -169.77816772460938,
    -163.50946044921875,
    -189.95721435546875,
    -171.25108337402344,
    -174.84982299804688,
    -148.9520263671875,
    -156.6240234375,
    -151.8803253173828,
    -118.67479705810547,
    -141.06756591796875,
    -114.75123596191406,
    -100.97700500488281,
    -107.34335327148438,
    -107.0108871459961,
    -114.7349853515625,
    -113.007080078125,
    -97.17176055908203,
    -106.05903625488281,
    -120.57835388183594,
    -109.42395782470703,
    -105.47724914550781,
    -127.07386016845703,
    -154.02325439453125,
    -126.53075408935547,
    -132.71286010742188,
    -145.78395080566406,
    -192.39926147460938,
    -111.71802520751953,
    -141.31591796875,
    -109.92330932617188,
    -144.15928649902344,
    -120.60735321044922,
    -87.83342742919922,
    -97.00880432128906,
    -77.68803405761719,
    -91.31562042236328,
    -47.310096740722656,
    -72.6607437133789,
    -48.20405578613281,
    -69.1756362915039,
    -43.730995178222656,
    -59.695823669433594,
    -51.286354064941406,
    -54.39873504638672,
    -72.17178344726562,
    -20.178207397460938,
    3.038985252380371,
    -10.534931182861328,
    -44.05683135986328,
    -40.439422607421875,
    -20.444711685180664,
    -36.49237823486328,
    -55.467952728271484,
    -53.583274841308594,
    -56.130409240722656,
    -74.00309753417969,
    -18.374998092651367,
    -44.69646453857422,
    -39.312129974365234,
    -30.492286682128906,
    -15.959641456604004,
    -29.750274658203125,
    -38.183677673339844,
    -51.03093719482422,
    -8.017878532409668,
    -26.082035064697266,
    -6.769441604614258,
    45.62708282470703,
    -10.89362907409668,
    -15.564643859863281,
    -25.147682189941406,
    -3.6700193881988525,
    -25.609907150268555,
    -22.566944122314453,
    6.273190498352051,
    -21.38809585571289,
    -15.42977523803711,
    -13.915302276611328,
    7.855618476867676,
    12.498732566833496,
    -21.13494110107422,
    -13.731895446777344,
    9.042804718017578,
    -5.271785736083984,
    -28.64350128173828,
    -19.272151947021484,
    -12.161039352416992,
    23.76539421081543,
    0.015631675720214844,
    -25.86704444885254,
    -10.449139595031738,
    4.029387950897217,
    4.381708145141602,
    21.344741821289062,
    24.20191764831543,
    3.789628505706787,
    4.5901384353637695,
    6.182735443115234,
    17.62211799621582,
    -2.7788963317871094,
    -17.877235412597656,
    -8.246419906616211,
    48.49341583251953,
    19.270565032958984,
    7.1941728591918945,
    -29.70241928100586,
    44.03486633300781,
    37.162113189697266,
    56.60702896118164,
    49.34882354736328,
    30.095308303833008,
    61.58686828613281,
    49.6744499206543,
    5.768973350524902,
    37.755855560302734,
    23.415931701660156,
    50.66306686401367,
    34.00624084472656,
    24.38302993774414,
    66.76142883300781,
    55.81187438964844,
    51.99585723876953,
    70.91874694824219,
    57.16147232055664,
    2.60518741607666,
    63.56690979003906,
    -8.908198356628418,
    35.18035888671875,
    19.226028442382812,
    56.5545654296875,
    60.96931838989258,
    27.793556213378906,
    62.33292770385742,
    55.34056854248047,
    64.29329681396484,
    84.12733459472656,
    40.181495666503906,
    10.365638732910156,
    27.915008544921875,
    20.628631591796875,
    67.05255126953125,
    41.46321105957031,
    99.57022094726562,
    21.696353912353516,
    66.41378784179688,
    91.32350158691406,
    47.482669830322266,
    25.57718276977539,
    62.21458053588867,
    44.77032470703125,
    68.5255355834961,
    53.19415283203125,
    34.130836486816406,
    91.06015014648438,
    82.47254943847656,
    68.96879577636719,
    57.71586608886719,
    62.13602828979492,
    85.58264923095703,
    47.002681732177734,
    63.09733963012695,
    55.26201629638672,
    50.26880645751953,
    44.046287536621094,
    70.38045501708984,
    40.85723114013672,
    63.87174606323242,
    90.16757202148438,
    72.8552474975586,
    65.15691375732422,
    45.12798309326172,
    76.71343994140625,
    70.26342010498047,
    77.00223541259766,
    45.30303955078125,
    70.32554626464844,
    39.69941711425781,
    54.62867736816406,
    105.20571899414062,
    53.958335876464844,
    58.94463348388672,
    68.98089599609375
  ],
  "framework": "tf",
  "d_lib": "mpi",
  "workers": 16,
  "time": "1188.041249036789"
}