{
  "epoch": [
    1,
    2,
    3,
    4,
    5,
    6,
    7,
    8,
    9,
    10,
    11,
    12,
    13,
    14,
    15,
    16,
    17,
    18,
    19,
    20,
    21,
    22,
    23,
    24,
    25,
    26,
    27,
    28,
    29,
    30,
    31,
    32,
    33,
    34,
    35,
    36,
    37,
    38,
    39,
    40,
    41,
    42,
    43,
    44,
    45,
    46,
    47,
    48,
    49,
    50,
    51,
    52,
    53,
    54,
    55,
    56,
    57,
    58,
    59,
    60,
    61,
    62,
    63,
    64,
    65,
    66,
    67,
    68,
    69,
    70,
    71,
    72,
    73,
    74,
    75,
    76,
    77,
    78,
    79,
    80,
    81,
    82,
    83,
    84,
    85,
    86,
    87,
    88,
    89,
    90,
    91,
    92,
    93,
    94,
    95,
    96,
    97,
    98,
    99,
    100,
    101,
    102,
    103,
    104,
    105,
    106,
    107,
    108,
    109,
    110,
    111,
    112,
    113,
    114,
    115,
    116,
    117,
    118,
    119,
    120,
    121,
    122,
    123,
    124,
    125,
    126,
    127,
    128,
    129,
    130,
    131,
    132,
    133,
    134,
    135,
    136,
    137,
    138,
    139,
    140,
    141,
    142,
    143,
    144,
    145,
    146,
    147,
    148,
    149,
    150,
    151,
    152,
    153,
    154,
    155,
    156,
    157,
    158,
    159,
    160,
    161,
    162,
    163,
    164,
    165,
    166,
    167,
    168,
    169,
    170,
    171,
    172,
    173,
    174,
    175,
    176,
    177,
    178,
    179,
    180,
    181,
    182,
    183,
    184,
    185,
    186,
    187,
    188,
    189,
    190,
    191,
    192,
    193,
    194,
    195,
    196,
    197,
    198,
    199,
    200
  ],
  "mean_reward": [
    -169.93902587890625,
    -165.92239379882812,
    -170.78355407714844,
    -126.81101989746094,
    -159.6961669921875,
    -104.16606140136719,
    -94.51873016357422,
    -70.91834259033203,
    -70.36337280273438,
    -73.53543090820312,
    -109.65840911865234,
    -101.32754516601562,
    -135.23301696777344,
    -212.5333251953125,
    -146.22291564941406,
    -187.2807159423828,
    -211.65858459472656,
    -371.33404541015625,
    -373.8954162597656,
    -426.3297119140625,
    -364.48388671875,
    -318.49517822265625,
    -262.4979553222656,
    -216.01560974121094,
    -123.80638885498047,
    -89.25601196289062,
    -46.334754943847656,
    12.26278018951416,
    -2.3823986053466797,
    10.202922821044922,
    11.697681427001953,
    37.2463264465332,
    34.84644317626953,
    53.49640655517578,
    15.7593994140625,
    48.35928726196289,
    68.3140869140625,
    69.60015869140625,
    24.290332794189453,
    16.991315841674805,
    6.756600379943848,
    29.032934188842773,
    21.042654037475586,
    22.313201904296875,
    -2.176018238067627,
    36.78581237792969,
    26.876882553100586,
    23.078046798706055,
    -7.846758842468262,
    -5.0833516120910645,
    0.9319272041320801,
    -21.72563934326172,
    -42.242469787597656,
    -16.19185447692871,
    -19.43226432800293,
    -35.76140594482422,
    -58.86780548095703,
    -59.07561111450195,
    -35.44287109375,
    -41.77519226074219,
    -38.055015563964844,
    -64.49160766601562,
    -51.44898986816406,
    -63.68577575683594,
    -60.8382568359375,
    -45.92560958862305,
    -59.085693359375,
    -55.07572937011719,
    -63.5516471862793,
    -58.79157638549805,
    -63.47174072265625,
    -77.13431549072266,
    -64.9826889038086,
    -67.20210266113281,
    -69.65251922607422,
    -77.14551544189453,
    -68.5553207397461,
    -83.23797607421875,
    -75.03825378417969,
    -78.75310516357422,
    -68.91535186767578,
    -69.03751373291016,
    -76.78395080566406,
    -75.73960876464844,
    -82.06611633300781,
    -65.26769256591797,
    -90.0330810546875,
    -70.97030639648438,
    -68.76048278808594,
    -72.68692016601562,
    -74.36322784423828,
    -76.64734649658203,
    -73.29718017578125,
    -63.224388122558594,
    -66.89523315429688,
    -66.15229797363281,
    -69.77781677246094,
    -53.54736328125,
    -71.00811004638672,
    -52.8271369934082,
    -58.053104400634766,
    -67.08242797851562,
    -67.35718536376953,
    -70.73495483398438,
    -64.42501831054688,
    -61.00282669067383,
    -72.78103637695312,
    -71.68592834472656,
    -71.72232055664062,
    -68.05255126953125,
    -78.55543518066406,
    -65.075439453125,
    -74.61338806152344,
    -59.7686767578125,
    -57.47626495361328,
    -71.87419128417969,
    -58.09519958496094,
    -58.86271286010742,
    -58.66389465332031,
    -76.65221405029297,
    -68.60662841796875,
    -70.82223510742188,
    -67.60392761230469,
    -67.3780746459961,
    -58.64558410644531,
    -58.66712188720703,
    -61.84829330444336,
    -50.244422912597656,
    -57.24623107910156,
    -66.81424713134766,
    -68.182861328125,
    -71.95614624023438,
    -75.47991943359375,
    -56.439613342285156,
    -65.23943328857422,
    -64.82699584960938,
    -55.746429443359375,
    -51.69725036621094,
    -71.96036529541016,
    -74.49478912353516,
    -56.88671875,
    -58.44043731689453,
    -59.82239532470703,
    -62.767494201660156,
    -52.63877868652344,
    -59.080406188964844,
    -49.88836669921875,
    -51.29429626464844,
    -60.166046142578125,
    -52.043907165527344,
    -57.111114501953125,
    -58.38581848144531,
    -61.08229064941406,
    -43.253753662109375,
    -48.36260986328125,
    -55.53197479248047,
    -65.97466278076172,
    -60.00533676147461,
    -51.19194793701172,
    -48.75474548339844,
    -52.82857131958008,
    -52.54655075073242,
    -48.050941467285156,
    -42.832252502441406,
    -42.416908264160156,
    -56.15994644165039,
    -58.79881286621094,
    -53.3702507019043,
    -54.994659423828125,
    -46.313232421875,
    -50.00572204589844,
    -48.90397644042969,
    -49.52329635620117,
    -45.11737060546875,
    -57.19906234741211,
    -45.1527214050293,
    -59.299034118652344,
    -27.281187057495117,
    -46.965240478515625,
    -40.11929702758789,
    -47.249332427978516,
    -50.81235885620117,
    -47.98659133911133,
    -43.11347198486328,
    -51.939422607421875,
    -48.585227966308594,
    -51.16178894042969,
    -39.06441879272461,
    -45.89849090576172,
    -44.71709442138672,
    -36.06488800048828,
    -38.792518615722656,
    -48.54759979248047,
    -45.70295333862305,
    -48.123329162597656,
    -48.094207763671875,
    -48.081520080566406,
    -41.789222717285156,
    -51.035499572753906,
    -46.86006546020508
  ],
  "framework": "tf",
  "d_lib": "mpi",
  "workers": 8,
  "time": "1399.800995349884"
}