{"epoch": [1, 2, 3, 4, 5, 6, 7, 8, 9, 10, 11, 12, 13, 14, 15, 16, 17, 18, 19, 20, 21, 22, 23, 24, 25, 26, 27, 28, 29, 30, 31, 32, 33, 34, 35, 36, 37, 38, 39, 40, 41, 42, 43, 44, 45, 46, 47, 48, 49, 50, 51, 52, 53, 54, 55, 56, 57, 58, 59, 60, 61, 62, 63, 64, 65, 66, 67, 68, 69, 70, 71, 72, 73, 74, 75, 76, 77, 78, 79, 80, 81, 82, 83, 84, 85, 86, 87, 88, 89, 90, 91, 92, 93, 94, 95, 96, 97, 98, 99, 100, 101, 102, 103, 104, 105, 106, 107, 108, 109, 110, 111, 112, 113, 114, 115, 116, 117, 118, 119, 120, 121, 122, 123, 124, 125, 126, 127, 128, 129, 130, 131, 132, 133, 134, 135, 136, 137, 138, 139, 140, 141, 142, 143, 144, 145, 146, 147, 148, 149, 150, 151, 152, 153, 154, 155, 156, 157, 158, 159, 160, 161, 162, 163, 164, 165, 166, 167, 168, 169, 170, 171, 172, 173, 174, 175, 176, 177, 178, 179, 180, 181, 182, 183, 184, 185, 186, 187, 188, 189, 190, 191, 192, 193, 194, 195, 196, 197, 198, 199, 200], "mean_reward": [-158.7987060546875, -129.61793518066406, -130.75192260742188, -125.08097839355469, -120.08206176757812, -107.84395599365234, -101.77427673339844, -86.15296936035156, -69.46768188476562, -77.24290466308594, -43.3948974609375, -22.41708755493164, -15.362809181213379, -11.246692657470703, 24.980411529541016, 45.9017219543457, 24.027057647705078, 30.359643936157227, 17.51520347595215, 25.13174819946289, -9.717134475708008, 6.76573371887207, 21.585050582885742, 41.582801818847656, 62.647037506103516, 43.83287048339844, 47.37685012817383, 77.08624267578125, 91.01982116699219, 94.04661560058594, 115.09037780761719, 118.27040100097656, 130.27769470214844, 119.82096099853516, 120.26001739501953, 137.53155517578125, 139.0157470703125, 131.3557586669922, 142.09439086914062, 141.24847412109375, 145.36294555664062, 143.4754638671875, 143.83056640625, 149.746337890625, 153.21737670898438, 154.01109313964844, 150.89869689941406, 159.94732666015625, 157.904541015625, 163.19732666015625, 156.7032012939453, 167.4258575439453, 169.08953857421875, 165.5733642578125, 175.91928100585938, 164.76095581054688, 167.3255615234375, 162.1291961669922, 162.66757202148438, 165.01593017578125, 168.30999755859375, 142.94351196289062, 165.142822265625, 170.25082397460938, 176.7220458984375, 168.1786346435547, 148.47789001464844, 165.14443969726562, 165.4994659423828, 173.35931396484375, 162.504150390625, 168.29437255859375, 161.07015991210938, 161.42803955078125, 177.5983428955078, 169.30462646484375, 177.61761474609375, 172.53086853027344, 170.19674682617188, 163.26565551757812, 165.05384826660156, 162.77926635742188, 178.87884521484375, 168.91363525390625, 157.504150390625, 177.88038635253906, 158.90744018554688, 182.1616668701172, 171.10475158691406, 167.2246551513672, 163.39605712890625, 171.83944702148438, 170.7722625732422, 172.83187866210938, 174.32412719726562, 163.27047729492188, 167.9755096435547, 167.86087036132812, 153.56094360351562, 174.46221923828125, 173.8756103515625, 178.2592315673828, 173.34344482421875, 173.47088623046875, 169.6527862548828, 177.619140625, 174.37249755859375, 165.9037322998047, 165.84164428710938, 175.02264404296875, 168.5560302734375, 178.04409790039062, 176.519287109375, 172.9462432861328, 172.78115844726562, 171.7745361328125, 176.34866333007812, 175.2230224609375, 171.41249084472656, 175.23602294921875, 178.2811279296875, 174.56068420410156, 171.34408569335938, 178.40158081054688, 185.3610382080078, 165.3251953125, 177.1868896484375, 172.12228393554688, 167.19410705566406, 181.13864135742188, 170.331298828125, 173.69525146484375, 176.6954345703125, 175.21348571777344, 176.41192626953125, 180.95953369140625, 184.69961547851562, 177.4046630859375, 176.61158752441406, 174.198486328125, 181.18936157226562, 171.52072143554688, 178.70266723632812, 186.3507080078125, 178.07533264160156, 181.56289672851562, 185.58045959472656, 179.63131713867188, 183.4900360107422, 181.6940460205078, 179.65518188476562, 182.54638671875, 170.38291931152344, 181.59158325195312, 180.53033447265625, 179.24920654296875, 186.38165283203125, 180.7176513671875, 176.31838989257812, 183.6685791015625, 182.11419677734375, 175.51663208007812, 172.80567932128906, 186.4810791015625, 188.2303009033203, 193.43968200683594, 187.15185546875, 184.93081665039062, 179.95172119140625, 181.2489013671875, 180.25094604492188, 183.60256958007812, 181.762451171875, 194.5154266357422, 174.9893798828125, 185.43209838867188, 190.05734252929688, 191.58694458007812, 189.68951416015625, 186.4873504638672, 186.60205078125, 184.83279418945312, 182.5011444091797, 186.2213134765625, 191.20574951171875, 202.80873107910156, 187.75161743164062, 178.45484924316406, 193.01580810546875, 183.85525512695312, 188.4065704345703, 193.77975463867188, 177.52023315429688, 185.55294799804688, 187.33139038085938, 191.33175659179688, 184.8514862060547, 178.15213012695312, 182.2098846435547, 187.15782165527344], "framework": "tf", "d_lib": "mpi", "workers": 32, "time": "2266.612258195877"}