{"epoch": [1, 2, 3, 4, 5, 6, 7, 8, 9, 10, 11, 12, 13, 14, 15, 16, 17, 18, 19, 20, 21, 22, 23, 24, 25, 26, 27, 28, 29, 30, 31, 32, 33, 34, 35, 36, 37, 38, 39, 40, 41, 42, 43, 44, 45, 46, 47, 48, 49, 50, 51, 52, 53, 54, 55, 56, 57, 58, 59, 60, 61, 62, 63, 64, 65, 66, 67, 68, 69, 70, 71, 72, 73, 74, 75, 76, 77, 78, 79, 80, 81, 82, 83, 84, 85, 86, 87, 88, 89, 90, 91, 92, 93, 94, 95, 96, 97, 98, 99, 100, 101, 102, 103, 104, 105, 106, 107, 108, 109, 110, 111, 112, 113, 114, 115, 116, 117, 118, 119, 120, 121, 122, 123, 124, 125, 126, 127, 128, 129, 130, 131, 132, 133, 134, 135, 136, 137, 138, 139, 140, 141, 142, 143, 144, 145, 146, 147, 148, 149, 150, 151, 152, 153, 154, 155, 156, 157, 158, 159, 160, 161, 162, 163, 164, 165, 166, 167, 168, 169, 170, 171, 172, 173, 174, 175, 176, 177, 178, 179, 180, 181, 182, 183, 184, 185, 186, 187, 188, 189, 190, 191, 192, 193, 194, 195, 196, 197, 198, 199, 200], "mean_reward": [-237.49838256835938, -165.26022338867188, -207.63360595703125, -205.11514282226562, -100.76737213134766, -141.51190185546875, -123.78702545166016, -109.25636291503906, -118.94921875, -102.42294311523438, -107.00730895996094, -80.8016128540039, -147.98101806640625, -143.021728515625, -171.75961303710938, -114.3952407836914, -29.159372329711914, -122.16631317138672, -108.05653381347656, -74.24142456054688, -110.3906021118164, -65.91020202636719, -99.38964080810547, -100.90536499023438, -98.30764770507812, -81.67422485351562, -64.5471420288086, -3.751169204711914, -48.646968841552734, -113.50186157226562, 59.872886657714844, -21.29762840270996, -8.936410903930664, -47.302467346191406, 42.350486755371094, -20.631492614746094, 8.44500732421875, 48.151920318603516, 109.59146118164062, 79.77781677246094, 2.013822555541992, 42.35602569580078, -85.24375915527344, -52.222145080566406, -81.39854431152344, -8.685997009277344, 79.7999038696289, -5.013805389404297, -41.42811584472656, -68.57555389404297, 23.467121124267578, 4.637182235717773, 18.962804794311523, -70.26567077636719, -26.71454620361328, -40.76251983642578, -52.81499481201172, -24.2713565826416, 21.349306106567383, 13.068574905395508, 0.3969712257385254, -45.92052459716797, 48.19237518310547, 106.04470825195312, 27.08656120300293, 4.462891578674316, 29.307260513305664, 74.19963073730469, 12.98776912689209, 10.078129768371582, -33.845420837402344, 78.4227523803711, -20.263797760009766, -56.97905349731445, 9.829188346862793, -35.560970306396484, -25.70414924621582, -27.74026870727539, -29.68767547607422, -21.408496856689453, 1.7454614639282227, -26.359760284423828, -85.22992706298828, -73.03706359863281, -68.62981414794922, -107.28608703613281, 49.245643615722656, 1.5080347061157227, -64.6327133178711, -6.794715881347656, 36.71259307861328, -20.75880241394043, -13.33083438873291, -15.589582443237305, -16.756816864013672, -30.709049224853516, -42.038936614990234, 37.12034225463867, -29.66691780090332, -79.78473663330078, -74.36163330078125, -64.94500732421875, 6.992576599121094, 8.205619812011719, -9.077540397644043, -5.079839706420898, 38.41667938232422, 35.24293518066406, -36.3036003112793, 32.64508819580078, 28.590255737304688, 39.45951461791992, -71.22450256347656, 9.916055679321289, -48.65353775024414, -109.4898452758789, -58.690059661865234, -75.27568054199219, -9.677080154418945, -62.846702575683594, -4.325784683227539, 30.837779998779297, -57.202491760253906, -45.84838104248047, -80.36829376220703, -78.19039916992188, -17.026948928833008, 10.348773956298828, -59.501564025878906, -67.81474304199219, -6.797285079956055, -28.332740783691406, 4.496755123138428, -21.627601623535156, -61.05873489379883, -36.82659149169922, 12.582147598266602, -72.60934448242188, -79.71463012695312, -29.785520553588867, -91.77755737304688, -19.454763412475586, -42.653167724609375, -28.09213638305664, -56.92185974121094, -72.61602020263672, -48.83851623535156, -48.40741729736328, -66.04148864746094, -68.73579406738281, -52.263999938964844, -79.31829833984375, -27.21479606628418, -87.23589324951172, -24.165939331054688, -30.832361221313477, -65.73076629638672, -69.76774597167969, -28.95648193359375, -72.45671844482422, -120.2731704711914, -44.504913330078125, -76.60638427734375, -64.90251159667969, -73.78450012207031, -80.94435119628906, -104.54060363769531, -42.63620376586914, -99.99783325195312, -80.39401245117188, -18.4218692779541, -43.5987434387207, -74.90386199951172, -46.30282211303711, -47.60627746582031, -51.48598098754883, -66.22539520263672, -49.043487548828125, -46.09437561035156, -25.94178009033203, -69.4238510131836, -60.30686569213867, -64.40086364746094, -45.27533721923828, -39.15300369262695, -23.354576110839844, -60.79962921142578, -65.89904022216797, -71.45833587646484, -2.0804519653320312, -54.25148010253906, -29.869998931884766, -60.20991897583008, -64.92800903320312, -12.97372817993164, -24.42754364013672, 0.9070110321044922, -54.85023498535156, -86.43046569824219, 14.782703399658203], "framework": "torch", "d_lib": "mpi", "workers": 2}