{"epoch": [1, 2, 3, 4, 5, 6, 7, 8, 9, 10, 11, 12, 13, 14, 15, 16, 17, 18, 19, 20, 21, 22, 23, 24, 25, 26, 27, 28, 29, 30, 31, 32, 33, 34, 35, 36, 37, 38, 39, 40, 41, 42, 43, 44, 45, 46, 47, 48, 49, 50, 51, 52, 53, 54, 55, 56, 57, 58, 59, 60, 61, 62, 63, 64, 65, 66, 67, 68, 69, 70, 71, 72, 73, 74, 75, 76, 77, 78, 79, 80, 81, 82, 83, 84, 85, 86, 87, 88, 89, 90, 91, 92, 93, 94, 95, 96, 97, 98, 99, 100, 101, 102, 103, 104, 105, 106, 107, 108, 109, 110, 111, 112, 113, 114, 115, 116, 117, 118, 119, 120, 121, 122, 123, 124, 125, 126, 127, 128, 129, 130, 131, 132, 133, 134, 135, 136, 137, 138, 139, 140, 141, 142, 143, 144, 145, 146, 147, 148, 149, 150, 151, 152, 153, 154, 155, 156, 157, 158, 159, 160, 161, 162, 163, 164, 165, 166, 167, 168, 169, 170, 171, 172, 173, 174, 175, 176, 177, 178, 179, 180, 181, 182, 183, 184, 185, 186, 187, 188, 189, 190, 191, 192, 193, 194, 195, 196, 197, 198, 199, 200], "mean_reward": [-184.3624267578125, -203.77581787109375, -208.82015991210938, -173.39459228515625, -153.0615234375, -136.62789916992188, -144.34225463867188, -90.05119323730469, -132.93699645996094, -108.97956848144531, -111.98326110839844, -92.039794921875, -119.52052307128906, -91.99576568603516, -128.7101287841797, -69.15438842773438, -27.021263122558594, -78.06974029541016, -119.35716247558594, -75.18948364257812, -98.49755859375, -5.22927188873291, -43.472145080566406, -104.71070861816406, -79.00537109375, -54.21087646484375, -34.00775146484375, -1.5404891967773438, 52.220401763916016, 25.55008888244629, 45.00187301635742, 69.69793701171875, 87.88929748535156, 54.128387451171875, 2.1114673614501953, 67.60079956054688, 89.87040710449219, -4.054364204406738, 24.968971252441406, 6.887794494628906, 26.257610321044922, 52.20566940307617, 25.261194229125977, 23.759925842285156, 20.62600326538086, 63.34754943847656, 45.86444854736328, 80.65596008300781, 72.2708740234375, 62.42588806152344, 35.99797439575195, 7.029151916503906, 123.14298248291016, 61.02467727661133, 30.18307876586914, 22.342260360717773, 50.72157287597656, 57.214500427246094, -53.57895278930664, 83.82589721679688, 43.49227523803711, 56.77857971191406, 112.75222778320312, 51.98063659667969, 59.575313568115234, 132.8308563232422, 45.409080505371094, 47.40544128417969, 85.04670715332031, 114.73037719726562, 83.02159881591797, 92.40670776367188, 76.82635498046875, 52.030906677246094, 32.28388977050781, 40.25324249267578, 75.22676086425781, 94.32627868652344, -7.473299980163574, 90.25347900390625, 100.86431884765625, 115.57197570800781, 103.20263671875, 88.47834777832031, 116.66487121582031, 100.46783447265625, 122.40716552734375, 36.110923767089844, 107.66757202148438, 16.90005111694336, 59.72578430175781, 81.30015563964844, 30.29395294189453, 69.34565734863281, -8.988933563232422, 29.578821182250977, 106.40629577636719, 94.00445556640625, 50.44781494140625, 20.992149353027344, 81.70773315429688, 29.201318740844727, 39.00090789794922, 110.59707641601562, 83.4559555053711, 62.86023712158203, 29.329376220703125, 63.59882354736328, 99.70463562011719, 56.17646789550781, 46.326332092285156, 69.974609375, -2.1920509338378906, 79.63126373291016, 74.84603881835938, 58.302608489990234, 22.02391815185547, 71.72113800048828, 103.29127502441406, 36.21736145019531, 96.63423156738281, 40.819190979003906, 73.54869079589844, 88.34519958496094, 71.8864517211914, 69.50820922851562, 14.55609130859375, 23.509212493896484, 32.67359161376953, 51.656944274902344, 76.70236206054688, -33.135009765625, 27.88791275024414, 90.3939437866211, 14.304231643676758, 41.324729919433594, 23.1573429107666, 12.770526885986328, 19.87657356262207, 47.11805725097656, 30.564964294433594, 50.2613525390625, 53.25825500488281, 101.09752655029297, 25.357027053833008, 51.67668151855469, 83.52999114990234, 101.697998046875, 72.5987319946289, 63.937294006347656, 43.04684829711914, 43.1468505859375, 65.74565124511719, 54.350433349609375, 65.54048156738281, 64.35211944580078, 37.91607666015625, 68.29319763183594, 82.87847900390625, 58.813262939453125, 47.268550872802734, 38.438533782958984, 6.249565124511719, 15.544961929321289, -37.18603515625, 1.05126953125, -9.458826065063477, 47.514610290527344, 30.479612350463867, 10.731225967407227, -13.956511497497559, 18.87249755859375, -56.94236755371094, -46.87345886230469, 52.078712463378906, 21.069934844970703, 33.71295166015625, 34.48956298828125, 73.42167663574219, 15.554435729980469, 45.02167510986328, 87.46249389648438, 51.307861328125, 21.11368179321289, 22.89902114868164, -18.085060119628906, 41.48637771606445, -12.711250305175781, 23.80454444885254, 49.6468505859375, 84.39323425292969, -20.540000915527344, 66.72886657714844, 21.83721160888672, 64.80847930908203, 95.72651672363281, 86.65692138671875, 72.13584899902344, 13.97127914428711, -10.875216484069824], "framework": "torch", "d_lib": "mpi", "workers": 4}