{"epoch": [1, 2, 3, 4, 5, 6, 7, 8, 9, 10, 11, 12, 13, 14, 15, 16, 17, 18, 19, 20, 21, 22, 23, 24, 25, 26, 27, 28, 29, 30, 31, 32, 33, 34, 35, 36, 37, 38, 39, 40, 41, 42, 43, 44, 45, 46, 47, 48, 49, 50, 51, 52, 53, 54, 55, 56, 57, 58, 59, 60, 61, 62, 63, 64, 65, 66, 67, 68, 69, 70, 71, 72, 73, 74, 75, 76, 77, 78, 79, 80, 81, 82, 83, 84, 85, 86, 87, 88, 89, 90, 91, 92, 93, 94, 95, 96, 97, 98, 99, 100, 101, 102, 103, 104, 105, 106, 107, 108, 109, 110, 111, 112, 113, 114, 115, 116, 117, 118, 119, 120, 121, 122, 123, 124, 125, 126, 127, 128, 129, 130, 131, 132, 133, 134, 135, 136, 137, 138, 139, 140, 141, 142, 143, 144, 145, 146, 147, 148, 149, 150, 151, 152, 153, 154, 155, 156, 157, 158, 159, 160, 161, 162, 163, 164, 165, 166, 167, 168, 169, 170, 171, 172, 173, 174, 175, 176, 177, 178, 179, 180, 181, 182, 183, 184, 185, 186, 187, 188, 189, 190, 191, 192, 193, 194, 195, 196, 197, 198, 199, 200], "mean_reward": [-175.66592407226562, -207.81134033203125, -185.0322265625, -160.51815795898438, -114.25566101074219, -138.06216430664062, -121.16447448730469, -109.70625305175781, -93.24581909179688, -116.31876373291016, -59.066612243652344, -96.49073791503906, -108.9610824584961, -90.24543762207031, -29.265504837036133, -81.49817657470703, -71.02180480957031, -26.285259246826172, -26.08656883239746, 10.872421264648438, -4.452088832855225, 16.01573371887207, 3.1216697692871094, 15.35550308227539, 37.30118179321289, 13.754833221435547, 13.251051902770996, -42.01539611816406, 9.230387687683105, 4.074743270874023, -5.293416976928711, -33.133148193359375, 29.667951583862305, 3.0470714569091797, 4.928365707397461, -30.65272331237793, 22.123615264892578, 15.191740036010742, -41.21126174926758, -28.917858123779297, -68.76185607910156, -26.444063186645508, -33.76739501953125, -40.22882843017578, 16.92409896850586, -56.656585693359375, -40.021575927734375, -39.59554672241211, -41.298004150390625, -49.40311813354492, -42.51348114013672, -37.33596420288086, -8.68857192993164, -9.423643112182617, -45.517601013183594, -8.39870548248291, -44.435821533203125, -42.60768127441406, -76.3594970703125, -42.78681564331055, -56.85898208618164, -61.860069274902344, -71.46414184570312, -46.857093811035156, -44.66246032714844, -62.140403747558594, -59.27008056640625, -51.151092529296875, -40.86565399169922, -56.83167266845703, -36.904075622558594, -39.0069694519043, -45.74211883544922, -57.395687103271484, -60.76081466674805, -60.298744201660156, -59.81348419189453, -54.643157958984375, -37.0174560546875, -54.62248229980469, -50.6386833190918, -46.258018493652344, -50.54474639892578, -51.1328125, -33.77690124511719, -26.8187255859375, -32.59967803955078, -40.12442398071289, -47.375755310058594, -17.925168991088867, -35.972450256347656, -24.764488220214844, -39.7580451965332, -60.04850769042969, -25.95319938659668, -27.590726852416992, -34.634735107421875, -20.091869354248047, -45.15631103515625, 3.0226573944091797, -27.75768280029297, -40.07651138305664, -35.46985626220703, -45.581825256347656, -43.284461975097656, -33.4621696472168, -25.208637237548828, -35.29180908203125, -49.62724685668945, -28.74664306640625, -45.66934585571289, -38.85911178588867, -38.32498550415039, -58.095489501953125, -15.571205139160156, -41.85582733154297, -42.256229400634766, -11.11755657196045, -28.449243545532227, -52.653778076171875, -14.864237785339355, -13.81742000579834, 23.552827835083008, 7.866763591766357, 1.069587230682373, -29.490516662597656, 20.035667419433594, 9.074533462524414, 3.931285858154297, 6.98335599899292, 6.849443435668945, 38.743690490722656, 13.060967445373535, -10.446996688842773, -11.944457054138184, -3.741316556930542, 27.152589797973633, 15.460790634155273, 13.813207626342773, 15.323725700378418, 36.98342514038086, 22.62693977355957, 16.413280487060547, 13.579732894897461, 36.08246612548828, 32.09376525878906, 24.184816360473633, 26.083269119262695, 3.0384087562561035, -2.2305564880371094, -11.889928817749023, 22.972225189208984, 36.736019134521484, 9.642277717590332, 30.294757843017578, 22.60507583618164, 14.372785568237305, 35.227928161621094, 46.63893127441406, 16.385805130004883, 34.521522521972656, 18.16403579711914, 9.358613014221191, 53.02908706665039, 17.3642578125, 18.70029640197754, 22.09506607055664, 22.737646102905273, 5.638614654541016, 42.650184631347656, 28.876358032226562, 7.399255752563477, 23.300310134887695, 41.21159744262695, 29.838050842285156, 36.66958999633789, 32.5655403137207, 26.43474769592285, 44.019981384277344, 30.377601623535156, 38.140724182128906, 40.11552810668945, 36.750125885009766, 46.72813415527344, 67.95671081542969, 37.701087951660156, 60.75160217285156, 69.61114501953125, 36.801979064941406, 50.968017578125, 76.64964294433594, 54.9429931640625, 45.788204193115234, 19.180204391479492, 42.583396911621094, 63.913368225097656, 47.106990814208984, 72.85773468017578, 52.623538970947266, 62.43501663208008], "framework": "torch", "d_lib": "mpi", "workers": 8}