{"epoch": [1, 2, 3, 4, 5, 6, 7, 8, 9, 10, 11, 12, 13, 14, 15, 16, 17, 18, 19, 20, 21, 22, 23, 24, 25, 26, 27, 28, 29, 30, 31, 32, 33, 34, 35, 36, 37, 38, 39, 40, 41, 42, 43, 44, 45, 46, 47, 48, 49, 50, 51, 52, 53, 54, 55, 56, 57, 58, 59, 60, 61, 62, 63, 64, 65, 66, 67, 68, 69, 70, 71, 72, 73, 74, 75, 76, 77, 78, 79, 80, 81, 82, 83, 84, 85, 86, 87, 88, 89, 90, 91, 92, 93, 94, 95, 96, 97, 98, 99, 100, 101, 102, 103, 104, 105, 106, 107, 108, 109, 110, 111, 112, 113, 114, 115, 116, 117, 118, 119, 120, 121, 122, 123, 124, 125, 126, 127, 128, 129, 130, 131, 132, 133, 134, 135, 136, 137, 138, 139, 140, 141, 142, 143, 144, 145, 146, 147, 148, 149, 150, 151, 152, 153, 154, 155, 156, 157, 158, 159, 160, 161, 162, 163, 164, 165, 166, 167, 168, 169, 170, 171, 172, 173, 174, 175, 176, 177, 178, 179, 180, 181, 182, 183, 184, 185, 186, 187, 188, 189, 190, 191, 192, 193, 194, 195, 196, 197, 198, 199, 200], "mean_reward": [-182.5316162109375, -147.17605590820312, -183.09368896484375, -143.1110076904297, -137.1514129638672, -135.01284790039062, -113.15898132324219, -128.69723510742188, -58.00436019897461, -100.07408142089844, -106.96615600585938, -72.5516357421875, -32.193973541259766, 8.092855453491211, 1.0004587173461914, 20.23531723022461, 43.0672607421875, 58.41264343261719, 73.44313049316406, 69.106689453125, 95.21614074707031, 54.57337951660156, 72.45581817626953, 87.02513885498047, 54.49375915527344, 33.377662658691406, 21.475269317626953, -17.501054763793945, 1.930344581604004, 17.21232032775879, 21.006019592285156, 35.673561096191406, 40.379337310791016, 46.577552795410156, 50.62383270263672, 46.28221130371094, 47.13282775878906, 6.120649337768555, 29.2305908203125, 26.773048400878906, 42.8017578125, 25.938148498535156, 49.98095703125, 61.694087982177734, 69.19464111328125, 67.63654327392578, 69.171630859375, 36.70685577392578, 60.42755126953125, 45.41880798339844, 41.8973503112793, 44.690635681152344, 72.93004608154297, 59.75757598876953, 64.32891845703125, 63.025943756103516, 61.369384765625, 74.22314453125, 49.364288330078125, 68.40544891357422, 57.93117141723633, 60.78278350830078, 49.57984924316406, 63.16254425048828, 65.8188247680664, 67.51534271240234, 58.330745697021484, 58.57292938232422, 46.096710205078125, 49.749610900878906, 39.10934066772461, 53.1910400390625, 56.403804779052734, 41.423362731933594, 68.79256439208984, 74.72395324707031, 56.05978775024414, 55.96287536621094, 61.4146728515625, 53.74504852294922, 65.40447235107422, 58.71934509277344, 69.73721313476562, 74.71157836914062, 73.47032165527344, 71.54086303710938, 64.86683654785156, 73.75494384765625, 76.16116333007812, 77.50564575195312, 79.67002868652344, 78.0949935913086, 54.288238525390625, 66.88523864746094, 60.2911491394043, 58.02410125732422, 60.36135482788086, 77.94293212890625, 81.48855590820312, 72.4388656616211, 62.13911056518555, 71.48204040527344, 70.6702880859375, 56.136234283447266, 62.5723876953125, 72.63565063476562, 68.93887329101562, 76.13809204101562, 64.24874877929688, 66.82402038574219, 53.284690856933594, 56.91109848022461, 54.506412506103516, 61.49415588378906, 54.62990951538086, 58.2423095703125, 61.86827087402344, 53.139320373535156, 68.15386962890625, 71.80540466308594, 60.1944580078125, 39.5074348449707, 61.373992919921875, 64.87995910644531, 65.96942901611328, 58.709205627441406, 69.36546325683594, 72.04855346679688, 63.594322204589844, 54.661190032958984, 67.30914306640625, 70.52261352539062, 61.42710494995117, 60.23248291015625, 65.48764038085938, 66.5350570678711, 62.857322692871094, 57.36613845825195, 68.9862289428711, 51.83452606201172, 75.07093811035156, 69.20387268066406, 77.94977569580078, 66.0934829711914, 80.66462707519531, 72.82420349121094, 75.64059448242188, 75.49313354492188, 80.88482666015625, 82.68017578125, 56.650386810302734, 53.390193939208984, 77.51600646972656, 83.87687683105469, 84.35850524902344, 74.07742309570312, 85.76451110839844, 81.89845275878906, 65.94526672363281, 83.65653228759766, 84.89604187011719, 79.99984741210938, 73.59942626953125, 77.28590393066406, 92.31695556640625, 84.80199432373047, 88.344970703125, 74.068359375, 73.55177307128906, 86.66242218017578, 88.06455993652344, 85.90515899658203, 72.18226623535156, 103.7192153930664, 82.00990295410156, 86.24342346191406, 97.36763000488281, 98.25000762939453, 96.40582275390625, 87.07672119140625, 77.92149353027344, 86.76579284667969, 102.9378662109375, 102.04690551757812, 99.41873931884766, 87.69480895996094, 93.61104583740234, 85.9734878540039, 100.7225341796875, 117.68089294433594, 99.67108154296875, 121.70243835449219, 119.38056945800781, 109.31941223144531, 89.54655456542969, 107.94853973388672, 101.2719955444336, 105.7900390625, 111.17436218261719, 125.77299499511719], "framework": "torch", "d_lib": "mpi", "workers": 16}