{"epoch": [1, 2, 3, 4, 5, 6, 7, 8, 9, 10, 11, 12, 13, 14, 15, 16, 17, 18, 19, 20, 21, 22, 23, 24, 25, 26, 27, 28, 29, 30, 31, 32, 33, 34, 35, 36, 37, 38, 39, 40, 41, 42, 43, 44, 45, 46, 47, 48, 49, 50, 51, 52, 53, 54, 55, 56, 57, 58, 59, 60, 61, 62, 63, 64, 65, 66, 67, 68, 69, 70, 71, 72, 73, 74, 75, 76, 77, 78, 79, 80, 81, 82, 83, 84, 85, 86, 87, 88, 89, 90, 91, 92, 93, 94, 95, 96, 97, 98, 99, 100, 101, 102, 103, 104, 105, 106, 107, 108, 109, 110, 111, 112, 113, 114, 115, 116, 117, 118, 119, 120, 121, 122, 123, 124, 125, 126, 127, 128, 129, 130, 131, 132, 133, 134, 135, 136, 137, 138, 139, 140, 141, 142, 143, 144, 145, 146, 147, 148, 149, 150, 151, 152, 153, 154, 155, 156, 157, 158, 159, 160, 161, 162, 163, 164, 165, 166, 167, 168, 169, 170, 171, 172, 173, 174, 175, 176, 177, 178, 179, 180, 181, 182, 183, 184, 185, 186, 187, 188, 189, 190, 191, 192, 193, 194, 195, 196, 197, 198, 199, 200], "mean_reward": [-184.0561981201172, -173.81341552734375, -164.62765502929688, -134.67892456054688, -131.05020141601562, -132.07327270507812, -100.78123474121094, -106.17035675048828, -94.58843994140625, -97.97177124023438, -58.704986572265625, -54.43368911743164, -28.53519058227539, -2.8038058280944824, -6.967889308929443, 21.66243553161621, 20.964984893798828, 21.79562759399414, 35.55319595336914, 39.1201286315918, 24.405200958251953, 27.937171936035156, 52.373497009277344, 36.79416275024414, 25.839797973632812, 77.08454895019531, 77.78128814697266, 30.798999786376953, 36.86363220214844, 12.158010482788086, 55.84433364868164, 33.05125045776367, 89.27809143066406, 93.24468231201172, 78.66878509521484, 86.61892700195312, 90.37298583984375, 65.4393310546875, 77.93123626708984, 70.8233642578125, 54.04962158203125, 68.46604919433594, 93.83074951171875, 99.36866760253906, 105.21815490722656, 99.12650299072266, 104.43815612792969, 113.35491943359375, 105.87762451171875, 120.01763916015625, 114.06745910644531, 111.61656951904297, 111.36994934082031, 117.18751525878906, 120.69816589355469, 127.69305419921875, 125.67098999023438, 108.99103546142578, 126.27848815917969, 121.20108032226562, 130.58958435058594, 133.69403076171875, 123.21591186523438, 117.398681640625, 121.85324096679688, 118.70664978027344, 121.4415283203125, 120.23739624023438, 129.31295776367188, 129.21267700195312, 137.90155029296875, 119.91474914550781, 140.241455078125, 137.24166870117188, 146.89791870117188, 146.74472045898438, 127.41212463378906, 151.0489501953125, 145.72952270507812, 151.98477172851562, 145.78060913085938, 149.94125366210938, 155.62747192382812, 163.1932373046875, 155.18272399902344, 160.996826171875, 158.55804443359375, 168.63511657714844, 151.40037536621094, 167.0879364013672, 158.25823974609375, 152.2273712158203, 177.26431274414062, 164.27645874023438, 174.3123321533203, 182.46420288085938, 171.70404052734375, 173.55508422851562, 167.93359375, 177.95254516601562, 168.9788055419922, 181.42855834960938, 193.66717529296875, 191.49351501464844, 183.74673461914062, 186.92063903808594, 178.53408813476562, 185.9530487060547, 190.08499145507812, 184.80490112304688, 185.1329803466797, 184.03726196289062, 191.4349365234375, 195.5171356201172, 190.25311279296875, 192.26318359375, 184.96466064453125, 190.633056640625, 192.19747924804688, 183.1124267578125, 184.96817016601562, 191.2861328125, 195.9442138671875, 184.74298095703125, 188.70350646972656, 193.2694854736328, 184.07464599609375, 181.1820068359375, 200.92559814453125, 192.716552734375, 200.90451049804688, 195.82186889648438, 197.94085693359375, 195.91543579101562, 196.503662109375, 194.98263549804688, 205.04766845703125, 196.74891662597656, 196.02587890625, 195.1014404296875, 202.5494384765625, 196.71083068847656, 210.07113647460938, 199.33132934570312, 202.23089599609375, 212.61013793945312, 203.18875122070312, 213.71063232421875, 209.4356689453125, 213.56436157226562, 205.69163513183594, 217.20068359375, 209.41261291503906, 214.68157958984375, 217.5244598388672, 217.84649658203125, 213.80474853515625, 224.5074005126953, 216.04660034179688, 214.62765502929688, 217.03732299804688, 220.21728515625, 222.650146484375, 218.9900665283203, 225.23126220703125, 223.4254150390625, 223.78366088867188, 219.93630981445312, 225.59994506835938, 226.12091064453125, 215.37400817871094, 226.3277587890625, 224.72344970703125, 225.9510955810547, 231.53396606445312, 220.64013671875, 223.9075927734375, 225.45266723632812, 228.26853942871094, 222.68199157714844, 233.89503479003906, 223.9659423828125, 233.8218231201172, 225.535888671875, 226.32797241210938, 227.96351623535156, 236.08453369140625, 230.86782836914062, 234.13711547851562, 233.8806915283203, 232.41937255859375, 228.457763671875, 232.2827911376953, 227.86073303222656, 228.2758026123047, 239.148193359375, 233.48927307128906, 240.98934936523438, 238.21051025390625, 235.9994659423828], "framework": "torch", "d_lib": "mpi", "workers": 32}